class,name,nickname,category,subcategory,project,source,guid,kind,exposure,obsolete,current_icon,object,op,plural,container,rule,note,icon_id,resource,icon_file,batch,status
SAMAnalyticalCreateCaseByApertureByAzimuths,SAMAnalytical.CreateCaseByApertureByAzimuths,SAMAnalytical.CreateCaseByApertureByAzimuths,SAM,Analytical,SAM.Analytical.Grasshopper,Grasshopper/SAM.Analytical.Grasshopper/Component/SAMAnalyticalCreateCaseByApertureByAzimuths.cs,579a3e1c-f514-420b-8849-9f96aef8518b,component,GH_Exposure.primary,False,SAM_Small,case,create,False,,override,,case_create,SAM_GH_CaseCreate,svg/case_create.svg,"01 Model, cluster & cases",integrated
SAMAnalyticalCreateCaseByApertureConstruction,SAMAnalytical.CreateCaseByApertureConstruction,SAMAnalytical.CreateCaseByApertureConstruction,SAM,Analytical,SAM.Analytical.Grasshopper,Grasshopper/SAM.Analytical.Grasshopper/Component/SAMAnalyticalCreateCaseByApertureConstruction.cs,3f0618c7-7a51-4e61-88c9-60da22ccb245,component,GH_Exposure.primary,False,SAM_Small,case,create,False,,override,,case_create,SAM_GH_CaseCreate,svg/case_create.svg,"01 Model, cluster & cases",integrated
SAMAnalyticalCreateCaseByOpening,SAMAnalytical.CreateCaseByOpening,CreateCaseByOpening,SAM,Analytical,SAM.Analytical.Grasshopper,Grasshopper/SAM.Analytical.Grasshopper/Component/SAMAnalyticalCreateCaseByOpening.cs,249dd3f9-200b-4d85-be35-da59f302f343,component,GH_Exposure.primary,False,SAM_Small,case,create,False,,override,,case_create,SAM_GH_CaseCreate,svg/case_create.svg,"01 Model, cluster & cases",integrated
SAMAnalyticalCreateCaseByShade,SAMAnalytical.CreateCaseByShade,CreateCaseByShade,SAM,Analytical,SAM.Analytical.Grasshopper,Grasshopper/SAM.Analytical.Grasshopper/Component/SAMAnalyticalCreateCaseByShade.cs,a8d0db57-5d59-493c-9dae-02ccdb7a169c,component,GH_Exposure.primary,False,SAM_GH_CaseCreate,case,create,False,,override,,case_create,SAM_GH_CaseCreate,svg/case_create.svg,"01 Model, cluster & cases",integrated
SAMAnalyticalCreateCaseByShade1,SAMAnalytical.CreateCaseByShade1,CreateCaseByShade1,SAM,Analytical,SAM.Analytical.Grasshopper,Grasshopper/SAM.Analytical.Grasshopper/Component/SAMAnalyticalCreateCaseByShade1.cs,3ff7afc9-fe51-43d8-b42f-205c8d609a96,component,GH_Exposure.primary,False,SAM_GH_CaseCreate,case,create,False,,override,,case_create,SAM_GH_CaseCreate,svg/case_create.svg,"01 Model, cluster & cases",integrated
SAMAnalyticalCreateCaseByVentilation,SAMAnalytical.CreateCaseByVentilation,CreateCaseByVentilation,SAM,Analytical,SAM.Analytical.Grasshopper,Grasshopper/SAM.Analytical.Grasshopper/Component/SAMAnalyticalCreateCaseByVentilation.cs,fdc0efd6-3ce7-4fa7-b6f6-1fe4235c0639,component,GH_Exposure.primary,False,SAM_GH_CaseCreate,case,create,False,,override,,case_create,SAM_GH_CaseCreate,svg/case_create.svg,"01 Model, cluster & cases",integrated
SAMAnalyticalCreateCaseByWeather,SAMAnalytical.CreateCaseByWeather,CreateCaseByWeather,SAM,Analytical,SAM.Analytical.Grasshopper,Grasshopper/SAM.Analytical.Grasshopper/Component/SAMAnalyticalCreateCaseByWeather.cs,4f54c13d-eac7-4b13-a07e-4f620753b26a,component,GH_Exposure.primary,False,SAM_Small,case,create,False,,override,,case_create,SAM_GH_CaseCreate,svg/case_create.svg,"01 Model, cluster & cases",integrated
SAMAnalyticalCreateCaseByWindowSize,SAMAnalytical.CreateCaseByWindowSize,CreateCaseByWindowSize,SAM,Analytical,SAM.Analytical.Grasshopper,Grasshopper/SAM.Analytical.Grasshopper/Component/SAMAnalyticalCreateCaseByWindowSize.cs,41f36339-ae22-4de5-9586-0b9519ad60a4,component,GH_Exposure.primary,False,SAM_GH_CaseCreate,case,create,False,,override,,case_create,SAM_GH_CaseCreate,svg/case_create.svg,"01 Model, cluster & cases",integrated
SAMAnalyticalCreateOverheatingScenarios,SAMAnalytical.CreateOverheatingScenarios,SAMAnalytical.CreateOverheatingScenarios,SAM,Analytical,SAM.Analytical.Grasshopper,Grasshopper/SAM.Analytical.Grasshopper/Component/SAMAnalyticalCreateOverheatingScenarios.cs,3c1a7f52-9d4e-4b83-8a16-6e2f5c0d7b41,component,GH_Exposure.primary,False,SAM_GH_CaseCreate,case,create,False,,override,,case_create,SAM_GH_CaseCreate,svg/case_create.svg,"01 Model, cluster & cases",integrated
SAMAnalyticalPreparePartOIteration,SAMAnalytical.PreparePartOIteration,SAMAnalytical.PreparePartOIteration,SAM,Analytical,SAM.Analytical.Grasshopper,Grasshopper/SAM.Analytical.Grasshopper/Component/SAMAnalyticalPreparePartOIteration.cs,6f2b4c81-3ad9-47e5-9b0c-1e8d5a37c264,component,GH_Exposure.primary,False,SAM_GH_CaseModify,case,modify,False,,override,,case_modify,SAM_GH_CaseModify,svg/case_modify.svg,"01 Model, cluster & cases",integrated
SAMAnalyticalCreateAdjacencyCluster,SAMAnalytical.CreateAdjacencyCluster,SAMAnalytical.CreateAdjacencyCluster,SAM,Analytical,SAM.Analytical.Grasshopper,Grasshopper/SAM.Analytical.Grasshopper/Component/SAMAnalyticalCreateAdjacencyCluster.cs,387683eb-fe77-4aa3-a71b-b25e613fdfcd,component,,False,SAM_GH_ClusterCreate,cluster,create,False,,rule,,cluster_create,SAM_GH_ClusterCreate,svg/cluster_create.svg,"01 Model, cluster & cases",integrated
SAMAnalyticalCreateAdjacencyClusterByBreps,SAMAnalytical.CreateAdjacencyClusterByBreps,SAMAnalytical.CreateAdjacencyClusterByBreps,SAM,Analytical,SAM.Analytical.Grasshopper,Grasshopper/SAM.Analytical.Grasshopper/Component/SAMAnalyticalCreateAdjacencyClusterByBreps.cs,e37695b3-7438-49e6-b12e-7a6102ca2051,component,GH_Exposure.primary,False,SAM_GH_ClusterCreate,cluster,create,False,,rule,,cluster_create,SAM_GH_ClusterCreate,svg/cluster_create.svg,"01 Model, cluster & cases",integrated
SAMAnalyticalCreateAdjacencyClusterByBrepsAndNames,SAMAnalytical.CreateAdjacencyClusterByBrepsAndNames,SAMAnalytical.CreateAdjacencyClusterByBrepsAndNames,SAM,Analytical,SAM.Analytical.Grasshopper,Grasshopper/SAM.Analytical.Grasshopper/Component/SAMAnalyticalCreateAdjacencyClusterByBrepsAndNames.cs,c51fc7c4-5552-4f87-9a2b-90b45e4e9e4c,component,GH_Exposure.primary,False,SAM_GH_ClusterCreate,cluster,create,False,,rule,,cluster_create,SAM_GH_ClusterCreate,svg/cluster_create.svg,"01 Model, cluster & cases",integrated
SAMAnalyticalCreateAdjacencyClusterByElevations,SAMAnalytical.CreateAdjacencyClusterByElevations,SAMAnalytical.CreateAdjacencyClusterByElevations,SAM,Analytical,SAM.Analytical.Grasshopper,Grasshopper/SAM.Analytical.Grasshopper/Component/SAMAnalyticalCreateAdjacencyClusterByElevations.cs,15af383f-3196-422a-811e-9a13a44c7894,component,GH_Exposure.primary,False,SAM_GH_ClusterCreate,cluster,create,False,,rule,,cluster_create,SAM_GH_ClusterCreate,svg/cluster_create.svg,"01 Model, cluster & cases",integrated
SAMAnalyticalCreateAdjacencyClusterByPanelsAndSpaces,SAMAnalytical.CreateAdjacencyClusterByPanelsAndSpaces,CreateAdjacencyCluster,SAM,Analytical,SAM.Analytical.Grasshopper,Grasshopper/SAM.Analytical.Grasshopper/Component/SAMAnalyticalCreateAdjacencyClusterByPanelsAndSpaces.cs,1f2d4717-f2ec-463e-84bd-f8c0f7f230c7,component,GH_Exposure.primary,False,SAM_GH_ClusterCreate,cluster,create,False,,rule,,cluster_create,SAM_GH_ClusterCreate,svg/cluster_create.svg,"01 Model, cluster & cases",integrated
SAMAnalyticalCreateAdjacencyClusterByShells,SAMAnalytical.CreateAdjacencyClusterByShells,SAMAnalytical.CreateAdjacencyClusterByShells,SAM,Analytical,SAM.Analytical.Grasshopper,Grasshopper/SAM.Analytical.Grasshopper/Component/SAMAnalyticalCreateAdjacencyClusterByShells.cs,ed472726-efc1-4b95-8049-db76e37d42c5,component,GH_Exposure.primary,False,SAM_GH_ClusterCreate,cluster,create,False,,rule,,cluster_create,SAM_GH_ClusterCreate,svg/cluster_create.svg,"01 Model, cluster & cases",integrated
SAMAnalyticalAdjacentSpaces,SAMAnalytical.AdjacentSpaces,SAMAnalytical.AdjacentSpaces,SAM,Analytical,SAM.Analytical.Grasshopper,Grasshopper/SAM.Analytical.Grasshopper/Component/SAMAnalyticalAdjacentSpaces.cs,575f2f39-a0a7-44a7-8660-e04e640166a4,component,GH_Exposure.primary,False,SAM_GH_ClusterGet,cluster,get,False,,override,,cluster_get,SAM_GH_ClusterGet,svg/cluster_get.svg,"01 Model, cluster & cases",integrated
SAMAnalyticalGetAdjacentSpaceNames,SAMAnalytical.GetAdjacentSpaceNames,SAMAnalytical.GetAdjacentSpaceNames,SAM,Analytical01,SAM.Analytical.Grasshopper,Grasshopper/SAM.Analytical.Grasshopper/Component/SAMAnalyticalGetAdjacentSpaceNames.cs,cc5f683e-5a09-44e4-bfd2-8431376d1627,component,,False,SAM_GH_ClusterList,cluster,list,False,,override,,cluster_list,SAM_GH_ClusterList,svg/cluster_list.svg,"01 Model, cluster & cases",integrated
SAMAnalyticalMergeAdjacencyCluster,SAMAnalytical.MergeAdjacencyCluster,SAMAnalytical.MergeAdjacencyCluster,SAM,Analytical,SAM.Analytical.Grasshopper,Grasshopper/SAM.Analytical.Grasshopper/Component/SAMAnalyticalMergeAdjacencyCluster.cs,1e26b699-2dad-4769-8c53-833c707e1a6c,component,GH_Exposure.primary,False,SAM_GH_ClusterMerge,cluster,merge,False,,rule,,cluster_merge,SAM_GH_ClusterMerge,svg/cluster_merge.svg,"01 Model, cluster & cases",integrated
SAMAnalyticalFixAdjacencyCluster,SAMAnalytical.FixAdjacencyCluster,SAMAnalytical.FixAdjacencyCluster,SAM,Analytical01,SAM.Analytical.Grasshopper,Grasshopper/SAM.Analytical.Grasshopper/Component/SAMAnalyticalFixAdjacencyCluster.cs,4b43d355-6ca0-40de-b0df-9da29bede2a7,component,GH_Exposure.primary,False,SAM_GH_ClusterModify,cluster,modify,False,,rule,,cluster_modify,SAM_GH_ClusterModify,svg/cluster_modify.svg,"01 Model, cluster & cases",integrated
SAMAnalyticalUpdateObjects,AdjacencyCluster.UpdateObjects,AdjacencyCluster.UpdateObjects,SAM,Analytical04,SAM.Analytical.Grasshopper,Grasshopper/SAM.Analytical.Grasshopper/Component/SAMAnalyticalUpdateObjects.cs,bd045519-57f7-4aaf-882a-5404ee4b714d,component,,False,SAM_GH_ClusterUpdate,cluster,update,False,,override,,cluster_update,SAM_GH_ClusterUpdate,svg/cluster_update.svg,"01 Model, cluster & cases",integrated
SAMAnalyticalMapAdjacencyCluster,SAMAnalytical.MapAdjacencyCluster,SAMAnalytical.MapAdjacencyCluster,SAM,Analytical02,SAM.Analytical.Grasshopper,Grasshopper/SAM.Analytical.Grasshopper/Component/SAMAnalyticalMapAdjacencyCluster.cs,78bb8def-b986-4068-8c78-e91d262862ec,component,GH_Exposure.primary,False,SAM_GH_ClusterUpdate,cluster,update,False,,override,,cluster_update,SAM_GH_ClusterUpdate,svg/cluster_update.svg,"01 Model, cluster & cases",integrated
SAMAnalyticalCreateLevels,SAMAnalytical.CreateLevels,SAMAnalytical.CreateLevels,SAM,Analytical,SAM.Analytical.Grasshopper,Grasshopper/SAM.Analytical.Grasshopper/Component/SAMAnalyticalCreateLevels.cs,c1837abc-924f-405f-9f50-e613743d82c6,component,,False,SAM_GH_LevelPluralCreate,level,create,True,,override,,level_plural_create,SAM_GH_LevelPluralCreate,svg/level_plural_create.svg,"01 Model, cluster & cases",integrated
SAMArchitecturalCreateLevel,SAMArchitectural.CreateLevel,SAMArchitectural.CreateLevel,SAM,Architectural,SAM.Architectural.Grasshopper,Grasshopper/SAM.Architectural.Grasshopper/Component/SAMArchitecturalCreateLevel.cs,f57e66c2-a159-43c8-b0b0-6cccb842edce,component,,False,SAM_GH_LevelCreate,level,create,False,,override,,level_create,SAM_GH_LevelCreate,svg/level_create.svg,"01 Model, cluster & cases",integrated
SAMAnalyticalCreateAnalyticalModelByAdjacencyCluster,SAMAnalytical.CreateAnalyticalModelByAdjacencyCluster,SAMAnalytical.CreateAnalyticalModelByAdjacencyCluster,SAM,Analytical,SAM.Analytical.Grasshopper,Grasshopper/SAM.Analytical.Grasshopper/Component/SAMAnalyticalCreateAnalyticalModelByAdjacencyCluster.cs,2a22123a-84c5-48dc-b207-c63b430cbca0,component,,False,SAM_Small,model,create,False,,rule,,model_create,SAM_GH_ModelCreate,svg/model_create.svg,"01 Model, cluster & cases",integrated
SAMAnalyticalCreateAnalyticalModelBySpaces,SAMAnalytical.CreateAnalyticalModelBySpaces,SAMAnalytical.CreateAnalyticalModelBySpaces,SAM,Analytical,SAM.Analytical.Grasshopper,Grasshopper/SAM.Analytical.Grasshopper/Component/SAMAnalyticalCreateAnalyticalModelBySpaces.cs,3736ef2d-9034-4267-bf28-f295a3d0e5d5,component,,False,SAM_GH_ModelCreate,model,create,False,,rule,,model_create,SAM_GH_ModelCreate,svg/model_create.svg,"01 Model, cluster & cases",integrated
SAMAnalyticalCreateBuildingModelBy2DGeometries,SAMAnalytical.CreateBuildingModelBy2DGeometries(,SAMAnalytical.CreateBuildingModelBy2DGeometries,SAM,Analytical,SAM.Analytical.Grasshopper,Grasshopper/SAM.Analytical.Grasshopper/Component/New/SAMAnalyticalCreateBuildingModelBy2DGeometries.cs,d8231ba9-c20c-44e0-a51e-5aa42da8c939,component,GH_Exposure.hidden,True,SAM_GH_ModelCreate,model,create,False,,override,,model_create,SAM_GH_ModelCreate,svg/model_create.svg,"01 Model, cluster & cases",integrated
SAMAnalyticalCreateBuildingModelByShells,SAMAnalytical.CreateBuildingModelByShells,SAMAnalytical.CreateBuildingModelByShells,SAM,Analytical,SAM.Analytical.Grasshopper,Grasshopper/SAM.Analytical.Grasshopper/Component/New/SAMAnalyticalCreateBuildingModelByShells.cs,2f3330e7-2fe9-41d2-bf4e-a9e557d612cf,component,GH_Exposure.hidden,True,SAM_GH_ModelCreate,model,create,False,,override,,model_create,SAM_GH_ModelCreate,svg/model_create.svg,"01 Model, cluster & cases",integrated
SAMAnalyticalBake,SAMAnalytical.Bake,SAMAnalytical.Bake,SAM,Analytical,SAM.Analytical.Grasshopper,Grasshopper/SAM.Analytical.Grasshopper/Component/SAMAnalyticalBake.cs,f35b06c1-14f5-4014-a19d-7722d653b428,component,GH_Exposure.primary,False,SAM_GH_ModelExport,model,export,False,,override,,model_export,SAM_GH_ModelExport,svg/model_export.svg,"01 Model, cluster & cases",integrated
SAMAnalyticalMerge,SAMAnalytical.Merge,SAMAnalytical.Merge,SAM,Analytical,SAM.Analytical.Grasshopper,Grasshopper/SAM.Analytical.Grasshopper/Component/SAMAnalyticalMerge.cs,33ede05b-cf22-40db-ad02-8a87cdfd9c99,component,GH_Exposure.primary,False,SAM_GH_ModelMerge,model,merge,False,,override,,model_merge,SAM_GH_ModelMerge,svg/model_merge.svg,"01 Model, cluster & cases",integrated
SAMAnalyticalRenameAnalyticalModel,SAMAnalytical.RenameAnalyticalModel,SAMAnalytical.RenameAnalyticalModel,SAM,Analytical,SAM.Analytical.Grasshopper,Grasshopper/SAM.Analytical.Grasshopper/Component/SAMAnalyticalRenameAnalyticalModel.cs,5b1d7c8a-8e5f-40c5-8b4e-5f759e49e8d2,component,GH_Exposure.primary,False,SAM_GH_ModelModify,model,modify,False,,override,,model_modify,SAM_GH_ModelModify,svg/model_modify.svg,"01 Model, cluster & cases",integrated
SAMAnalyticalTransform,SAMAnalytical.Transform,SAMAnalytical.Transform,SAM,Analytical04,SAM.Analytical.Grasshopper,Grasshopper/SAM.Analytical.Grasshopper/Component/SAMAnalyticalTransfom.cs,41a52d4f-159e-4e30-bb4c-167b259eeb7d,component,,False,SAM_GH_ModelTransform,model,transform,False,,override,,model_transform,SAM_GH_ModelTransform,svg/model_transform.svg,"01 Model, cluster & cases",integrated
SAMAnalyticalUpdateBuildingModel,SAMAnalytical.UpdateBuildingModel,SAMAnalytical.UpdateBuildingModel,SAM,Analytical,SAM.Analytical.Grasshopper,Grasshopper/SAM.Analytical.Grasshopper/Component/New/SAMAnalyticalUpdateArchitecturalModel.cs,45587d1b-9161-4daf-adfc-a1c229493e57,component,GH_Exposure.hidden,True,SAM_GH_ModelUpdate,model,update,False,,override,,model_update,SAM_GH_ModelUpdate,svg/model_update.svg,"01 Model, cluster & cases",integrated
SAMAnalyticalUpdateByModel,SAMAnalytical.UpdateByModel,SAMAnalytical.UpdateByModel,SAM,Analytical04,SAM.Analytical.Grasshopper,Grasshopper/SAM.Analytical.Grasshopper/Component/SAMAnalyticalUpdateByModel.cs,3d09900f-8fd4-4c35-9727-ab0d910473af,component,GH_Exposure.primary,False,SAM_GH_ModelUpdate,model,update,False,,override,,model_update,SAM_GH_ModelUpdate,svg/model_update.svg,"01 Model, cluster & cases",integrated
SAMAnalyticalCheck,SAMAnalytical.Check,SAMAnalytical.Check,SAM,Analytical,SAM.Analytical.Grasshopper,Grasshopper/SAM.Analytical.Grasshopper/Component/SAMAnalyticalCheck.cs,8d19abcc-8cf8-4987-905d-2cbb24124527,component,,False,SAM_GH_ModelValidate,model,validate,False,,override,,model_validate,SAM_GH_ModelValidate,svg/model_validate.svg,"01 Model, cluster & cases",integrated
SAMAnalyticalSection,SAMAnalytical.Section,SAMAnalytical.Section,SAM,Analytical03,SAM.Analytical.Grasshopper,Grasshopper/SAM.Analytical.Grasshopper/Component/SAMAnalyticalSection.cs,566ffb4a-03b1-46b3-8b30-32593146d4cf,component,GH_Exposure.primary,False,SAM_GH_SectionBoxSection,sectionBox,section,False,,override,,sectionBox_section,SAM_GH_SectionBoxSection,svg/sectionBox_section.svg,"01 Model, cluster & cases",integrated
SAMGeometrySectionByFace3D,SAMGeometry.SectionByFace3D,SAMGeometry.SectionByFace3D,SAM,Geometry,SAM.Geometry.Grasshopper,Grasshopper/SAM.Geometry.Grasshopper/Component/SAMGeometrySectionByFace3D.cs,e30b211f-d161-48fc-a3f3-179a075c8cce,component,,False,SAM_GH_SectionBoxSection,sectionBox,section,False,,override,,sectionBox_section,SAM_GH_SectionBoxSection,svg/sectionBox_section.svg,"01 Model, cluster & cases",integrated
SAMGeometrySectionByShell,SAMGeometry.SectionByShell,SAMGeometry.SectionByShell,SAM,Geometry,SAM.Geometry.Grasshopper,Grasshopper/SAM.Geometry.Grasshopper/Component/SAMGeometrySectionByShell.cs,c8d8304b-042d-4517-a3d4-ce92143b0068,component,,False,SAM_GH_SectionBoxSection,sectionBox,section,False,,override,,sectionBox_section,SAM_GH_SectionBoxSection,svg/sectionBox_section.svg,"01 Model, cluster & cases",integrated
SAMAnalyticalRemoveExternalSpaces,SAMAnalytical.RemoveExternalSpaces,SAMAnalytical.RemoveExternalSpaces,SAM,Analytical03,SAM.Analytical.Grasshopper,Grasshopper/SAM.Analytical.Grasshopper/Component/SAMAnalyticalRemoveExternalSpaces.cs,36254a1c-fbe7-472d-aebe-f4b0550ec26f,component,GH_Exposure.primary,False,SAM_GH_ExternalSpacePluralRemove,externalSpace,remove,True,,rule,,externalSpace_plural_remove,SAM_GH_ExternalSpacePluralRemove,svg/externalSpace_plural_remove.svg,02 Spaces & zones,integrated
SAMAnalyticalSetExternalSpaces,SAMAnalytical.SetExternalSpaces,SAMAnalytical.SetExternalSpaces \n*you need to select in T3D surfaces that connect to External Space and - Reverse Building Element,SAM,Analytical03,SAM.Analytical.Grasshopper,Grasshopper/SAM.Analytical.Grasshopper/Component/SAMAnalyticalSetExternalSpaces.cs,426a7dc9-6377-45ed-a616-13668a722de0,component,GH_Exposure.primary,False,SAM_GH_ExternalSpacePluralSet,externalSpace,set,True,,rule,,externalSpace_plural_set,SAM_GH_ExternalSpacePluralSet,svg/externalSpace_plural_set.svg,02 Spaces & zones,integrated
SAMAnalyticalCalculateFloorArea,SAMAnalytical.CalculateFloorArea,SAMAnalytical.CalculateFloorArea,SAM,Analytical,SAM.Analytical.Grasshopper,Grasshopper/SAM.Analytical.Grasshopper/Component/SAMAnalyticalCalculateFloorArea.cs,c66cffd2-29e7-484a-b09c-e8f1cc8b60b0,component,GH_Exposure.primary,False,SAM_GH_FloorCalculate,floor,calculate,False,,override,,floor_calculate,SAM_GH_FloorCalculate,svg/floor_calculate.svg,02 Spaces & zones,integrated
SAMAnalyticalCreateIZAM,SAMAnalytical.CreateIZAM,SAMAnalytical.CreateIZAM,SAM,Analytical,SAM.Analytical.Grasshopper,Grasshopper/SAM.Analytical.Grasshopper/Component/SAMAnalyticalCreateIZAM.cs,ca5fe6bd-66b0-464b-9776-be4d11bb0fb9,component,GH_Exposure.primary,False,SAM_GH_IzamCreate,izam,create,False,,override,,izam_create,SAM_GH_IzamCreate,svg/izam_create.svg,02 Spaces & zones,integrated
SAMAnalyticalCreateIZAMBySetPoint,SAMAnalytical.CreateIZAMBySetPoint,SAMAnalytical.CreateIZAMBySetPoint,SAM,Analytical,SAM.Analytical.Grasshopper,Grasshopper/SAM.Analytical.Grasshopper/Component/SAMAnalyticalCreateIZAMBySetPoint.cs,e0146fb5-ee3c-4bf8-a05d-d7f369486b66,component,GH_Exposure.primary,False,SAM_GH_IzamCreate,izam,create,False,,override,,izam_create,SAM_GH_IzamCreate,svg/izam_create.svg,02 Spaces & zones,integrated
SAMAnalyticalCreateIZAMBySpaces,SAMAnalytical.CreateIZAMBySpaces,SAMAnalytical.CreateIZAMBySpaces,SAM,Analytical,SAM.Analytical.Grasshopper,Grasshopper/SAM.Analytical.Grasshopper/Component/SAMAnalyticalCreateIZAMBySpaces.cs,a6df620f-c76f-4f9d-a8dd-8ae174779289,component,GH_Exposure.primary,False,SAM_GH_IzamCreate,izam,create,False,,override,,izam_create,SAM_GH_IzamCreate,svg/izam_create.svg,02 Spaces & zones,integrated
SAMAnalyticalRemoveAirMovementObjects,SAMAnalytical.RemoveIZAMs,SAMAnalytical.RemoveIZAMs,SAM,Analytical03,SAM.Analytical.Grasshopper,Grasshopper/SAM.Analytical.Grasshopper/Component/SAMAnalyticalRemoveAirMovementObjects.cs,813800cd-6fbf-4197-bad7-6a097565541d,component,GH_Exposure.primary,False,SAM_GH_IzamRemove,izam,remove,False,,override,,izam_remove,SAM_GH_IzamRemove,svg/izam_remove.svg,02 Spaces & zones,integrated
SAMAnalyticalAddSpace,SAMAnalytical.AddSpace,SAMAnalytical.AddSpace,SAM,Analytical,SAM.Analytical.Grasshopper,Grasshopper/SAM.Analytical.Grasshopper/Component/SAMAnalyticalAddSpace.cs,b9a9b98e-c531-49db-90ae-58a4edaf2eba,component,,False,SAM_GH_SpaceAdd,space,add,False,,rule,,space_add,SAM_GH_SpaceAdd,svg/space_add.svg,02 Spaces & zones,integrated
SAMAnalyticalAddSpacesByBrep,SAMAnalytical.AddSpacesByBrep,SAMAnalytical.AddSpacesByBrep,SAM,Analytical,SAM.Analytical.Grasshopper,Grasshopper/SAM.Analytical.Grasshopper/Component/SAMAnalyticalAddSpacesByBrep.cs,f78c41e0-badc-4b7e-ac65-b1c4c615c273,component,GH_Exposure.primary,False,SAM_GH_SpaceAdd,space,add,False,,override,,space_add,SAM_GH_SpaceAdd,svg/space_add.svg,02 Spaces & zones,integrated
SAMAnalyticalAlignSpaceLocation,SAMAnalytical.AlignSpaceLocation,SAMAnalytical.AlignSpaceLocation,SAM,Analytical,SAM.Analytical.Grasshopper,Grasshopper/SAM.Analytical.Grasshopper/Component/SAMAnalyticalAlignSpaceLocation.cs,e18c5ea9-0f5a-4d14-9b93-9c5e991e7946,component,,False,SAM_GH_SpaceAlign,space,align,False,,override,,space_align,SAM_GH_SpaceAlign,svg/space_align.svg,02 Spaces & zones,integrated
SAMAnalyticalCalculateSpacePanelArea,SAMAnalytical.CalculateSpacePanelArea,SAMAnalytical.CalculateSpacePanelArea,SAM,Analytical,SAM.Analytical.Grasshopper,Grasshopper/SAM.Analytical.Grasshopper/Component/SAMAnalyticalCalculateSpacePanelArea.cs,1338c4d8-c21d-42c2-b1a1-92375aa1fe55,component,GH_Exposure.primary,False,SAM_GH_SpaceCalculate,space,calculate,False,,override,,space_calculate,SAM_GH_SpaceCalculate,svg/space_calculate.svg,02 Spaces & zones,integrated
SAMAnalyticalCreateSpace,SAMAnalytical.CreateSpace,SAMAnalytical.CreateSpace,SAM,Analytical01,SAM.Analytical.Grasshopper,Grasshopper/SAM.Analytical.Grasshopper/Component/SAMAnalyticalCreateSpace.cs,c6eaf1ad-22bb-4a3f-8c3d-9d8ac483214d,component,,False,SAM_GH_SpaceCreate,space,create,False,,rule,,space_create,SAM_GH_SpaceCreate,svg/space_create.svg,02 Spaces & zones,integrated
SAMAnalyticalLabelSpace,SAMAnalytical.LabelSpace,SAMAnalytical.LabelSpace,SAM,Analytical02,SAM.Analytical.Grasshopper,Grasshopper/SAM.Analytical.Grasshopper/Component/SAMAnalyticalLabelSpace.cs,432dfea1-3242-4540-816e-d65bf1b28e4a,component,,False,SAM_GH_SpaceDisplay,space,display,False,,override,,space_display,SAM_GH_SpaceDisplay,svg/space_display.svg,02 Spaces & zones,integrated
SAMAnalyticalFilterBySpaces,SAMAnalytical.FilterBySpaces,SAMAnalytical.FilterBySpaces,SAM,Analytical01,SAM.Analytical.Grasshopper,Grasshopper/SAM.Analytical.Grasshopper/Component/SAMAnalyticalFilterBySpaces.cs,c03a5e71-9800-4f7a-8098-409fa723c540,component,,False,SAM_GH_SpaceFilter,space,filter,False,,rule,,space_filter,SAM_GH_SpaceFilter,svg/space_filter.svg,02 Spaces & zones,integrated
SAMAnalyticalPerimeterSpaces,SAMAnalytical.PerimeterSpaces,SAMAnalytical.PerimeterSpaces,SAM,Analytical03,SAM.Analytical.Grasshopper,Grasshopper/SAM.Analytical.Grasshopper/Component/SAMAnalyticalPerimeterSpaces.cs,91da0eef-4d3d-43aa-9217-3df6cc490a6f,component,GH_Exposure.primary,False,SAM_GH_SpacePluralFilter,space,filter,True,,override,,space_plural_filter,SAM_GH_SpacePluralFilter,svg/space_plural_filter.svg,02 Spaces & zones,integrated
SAMAnalyticalGetSpacesByName,SAMAnalytical.GetSpaceByName,SAMAnalytical.GetSpaceByName,SAM,Analytical02,SAM.Analytical.Grasshopper,Grasshopper/SAM.Analytical.Grasshopper/Component/SAMAnalyticalGetSpacesByName.cs,b0d69f9a-56dc-4d89-8208-88eab119c9e0,component,GH_Exposure.primary,False,SAM_GH_SpaceGet,space,get,False,,rule,,space_get,SAM_GH_SpaceGet,svg/space_get.svg,02 Spaces & zones,integrated
SAMAnalyticalGetSpaces,SAMAnalytical.GetSpaces,SAMAnalytical.GetSpaces,SAM,Analytical02,SAM.Analytical.Grasshopper,Grasshopper/SAM.Analytical.Grasshopper/Component/SAMAnalyticalGetSpaces.cs,a831d8de-7746-4390-9ed2-91247d102d01,component,GH_Exposure.primary,False,SAM_GH_SpacePluralGet,space,get,True,,rule,,space_plural_get,SAM_GH_SpacePluralGet,svg/space_plural_get.svg,02 Spaces & zones,integrated
SAMAnalyticalReportRooms,SAMAnalytical.ReportRooms,SAMAnalyticalCreate.ReportRooms,SAM,Analytical,SAM.Analytical.Grasshopper,Grasshopper/SAM.Analytical.Grasshopper/Component/SAMAnalyticalReportRooms.cs,cfe66bdb-2090-48f6-9352-25d3b15a8b67,component,,False,SAM_GH_SpacePluralList,space,list,True,,override,,space_plural_list,SAM_GH_SpacePluralList,svg/space_plural_list.svg,02 Spaces & zones,integrated
SAMAnalyticalReportRoomsList,SAMAnalytical.ReportRoomsList,SAMAnalyticalCreate.ReportRoomsList,SAM,Analytical,SAM.Analytical.Grasshopper,Grasshopper/SAM.Analytical.Grasshopper/Component/SAMAnalyticalReportRoomsList.cs,ca3471c0-1ce0-4702-8643-472f427d68d9,component,,False,SAM_GH_SpacePluralList,space,list,True,,override,,space_plural_list,SAM_GH_SpacePluralList,svg/space_plural_list.svg,02 Spaces & zones,integrated
SAMAnalyticalReportSpaces,SAMAnalytical.ReportSpaces,SAMAnalytical.ReportSpaces,SAM,Analytical03,SAM.Analytical.Grasshopper,Grasshopper/SAM.Analytical.Grasshopper/Component/SAMAnalyticalReportSpaces.cs,88152957-7920-48bb-a834-1f23708cae80,component,GH_Exposure.primary,False,SAM_GH_SpacePluralList,space,list,True,,override,,space_plural_list,SAM_GH_SpacePluralList,svg/space_plural_list.svg,02 Spaces & zones,integrated
SAMAnalyticalJoinSpacesByPanels,SAMAnalytical.JoinSpacesByPanels,SAMAnalytical.JoinSpacesByPanels,SAM,Analytical02,SAM.Analytical.Grasshopper,Grasshopper/SAM.Analytical.Grasshopper/Component/SAMAnalyticalJoinSpacesByPanels.cs,8e66edf3-a8f5-460d-9ac2-635f177c2ee5,component,,False,SAM_GH_SpacePluralMerge,space,merge,True,,override,,space_plural_merge,SAM_GH_SpacePluralMerge,svg/space_plural_merge.svg,02 Spaces & zones,integrated
SAMAnalyticalMergeSpacesByAirPanels,SAMAnalytical.MergeSpacesByAirPanels,MergeSpacesByAirPanels,SAM,Analytical02,SAM.Analytical.Grasshopper,Grasshopper/SAM.Analytical.Grasshopper/Component/SAMAnalyticalMergeSpacesByAirPanels.cs,db0cc435-6057-47bd-af3e-eb0825070d96,component,GH_Exposure.primary,False,SAM_GH_SpacePluralMerge,space,merge,True,,override,,space_plural_merge,SAM_GH_SpacePluralMerge,svg/space_plural_merge.svg,02 Spaces & zones,integrated
SAMAnalyticalMergeSpacesByPanels,SAMAnalytical.MergeSpacesByPanels,SAMAnalytical.MergeSpacesByPanels,SAM,Analytical02,SAM.Analytical.Grasshopper,Grasshopper/SAM.Analytical.Grasshopper/Component/SAMAnalyticalMergeSpacesByPanels.cs,dab2d5ba-5685-4767-8059-4257f46dae51,component,GH_Exposure.primary,False,SAM_GH_SpacePluralMerge,space,merge,True,,override,,space_plural_merge,SAM_GH_SpacePluralMerge,svg/space_plural_merge.svg,02 Spaces & zones,integrated
SAMAnalyticalMergeSpacesByZones,SAMAnalytical.MergeSpacesByZones,SAMAnalytical.MergeSpacesByZones,SAM,Analytical02,SAM.Analytical.Grasshopper,Grasshopper/SAM.Analytical.Grasshopper/Component/SAMAnalyticalMergeSpacesByZones.cs,e2541b6f-aadd-48c1-aed5-16e7e67c3171,component,GH_Exposure.primary,False,SAM_GH_SpacePluralMerge,space,merge,True,,override,,space_plural_merge,SAM_GH_SpacePluralMerge,svg/space_plural_merge.svg,02 Spaces & zones,integrated
SAMAnalyticalModifySpaces,SAMAnalytical.ModifySpaces,SAMAnalytical.ModifySpaces,SAM,Analytical02,SAM.Analytical.Grasshopper,Grasshopper/SAM.Analytical.Grasshopper/Component/SAMAnalyticalModifySpaces.cs,f3105082-dd14-4b4e-bd79-49de1497548f,component,GH_Exposure.primary,False,SAM_GH_SpacePluralModify,space,modify,True,,rule,,space_plural_modify,SAM_GH_SpacePluralModify,svg/space_plural_modify.svg,02 Spaces & zones,integrated
SAMAnalyticalRemoveSpaces,SAMAnalytical.RemoveSpaces,SAMAnalytical.RemoveSpaces,SAM,Analytical03,SAM.Analytical.Grasshopper,Grasshopper/SAM.Analytical.Grasshopper/Component/SAMAnalyticalRemoveSpaces.cs,56a2d7a1-de62-4996-be6d-df2894dc1600,component,GH_Exposure.primary,False,SAM_GH_SpacePluralRemove,space,remove,True,,rule,,space_plural_remove,SAM_GH_SpacePluralRemove,svg/space_plural_remove.svg,02 Spaces & zones,integrated
SAMAnalyticalRemoveSpacesByBrep,SAMAnalytical.RemoveSpacesByBrep,SAMAnalytical.RemoveSpacesByBrep,SAM,Analytical,SAM.Analytical.Grasshopper,Grasshopper/SAM.Analytical.Grasshopper/Component/SAMAnalyticalRemoveSpacesByBrep.cs,8e123e55-b6d8-4d45-ac5d-010b276875bf,component,GH_Exposure.primary,False,SAM_GH_SpacePluralRemove,space,remove,True,,override,,space_plural_remove,SAM_GH_SpacePluralRemove,svg/space_plural_remove.svg,02 Spaces & zones,integrated
SAMAnalyticalUpdateSpaceByLocationAndName,SAMAnalytical.UpdateSpaceByLocationAndName,SAMAnalytical.UpdateSpaceByLocationAndName,SAM,Analytical04,SAM.Analytical.Grasshopper,Grasshopper/SAM.Analytical.Grasshopper/Component/SAMAnalyticalUpdateSpaceByLocationAndName.cs,1571d29d-f01d-4f31-afbe-dd012b0f60c9,component,,False,SAM_GH_SpaceUpdate,space,update,False,,rule,,space_update,SAM_GH_SpaceUpdate,svg/space_update.svg,02 Spaces & zones,integrated
SAMAnalyticalUpdateSpaceLoactionPoint,SAMAnalytical.UpdateSpaceLoactionPoint,SAMAnalytical.UpdateSpaceLoactionPoint,SAM,SAM_IC,SAM.Analytical.Grasshopper,Grasshopper/SAM.Analytical.Grasshopper/Component/SAMAnalyticalUpdateSpaceLoactionPoint.cs,14da369b-312a-448c-b69a-3ea69ae7563c,component,GH_Exposure.primary,False,SAM_GH_SpaceUpdate,space,update,False,,override,,space_update,SAM_GH_SpaceUpdate,svg/space_update.svg,02 Spaces & zones,integrated
SAMAnalyticalUpdateSpaces,SAMAnalytical.UpdateSpaces,SAMAnalytical.UpdateSpaces,SAM,Analytical04,SAM.Analytical.Grasshopper,Grasshopper/SAM.Analytical.Grasshopper/Component/SAMAnalyticalUpdateSpace.cs,4f700cfb-0344-442f-b882-b16ffa499bc3,component,,False,SAM_GH_SpacePluralUpdate,space,update,True,,rule,,space_plural_update,SAM_GH_SpacePluralUpdate,svg/space_plural_update.svg,02 Spaces & zones,integrated
SAMAnalyticalInsideSpace,SAMAnalytical.InsideSpace,SAMAnalytical.InsideSpace,SAM,Analytical02,SAM.Analytical.Grasshopper,Grasshopper/SAM.Analytical.Grasshopper/Component/SAMAnalyticalInsideSpace.cs,09c7dbc3-2383-46bf-a60a-404e82213d50,component,,False,SAM_GH_SpaceValidate,space,validate,False,,override,,space_validate,SAM_GH_SpaceValidate,svg/space_validate.svg,02 Spaces & zones,integrated
SAMAnalyticalCreatePerimeterZones,SAMAnalytical.CreatePerimeterZones,SAMAnalytical.CreatePerimeterZones,SAM,Analytical01,SAM.Analytical.Grasshopper,Grasshopper/SAM.Analytical.Grasshopper/Component/SAMAnalyticalCreatePerimeterZones.cs,53e9688b-57a8-408d-ab0c-b66eaa1a41a8,component,GH_Exposure.primary,False,SAM_GH_ZonePluralCreate,zone,create,True,,override,,zone_plural_create,SAM_GH_ZonePluralCreate,svg/zone_plural_create.svg,02 Spaces & zones,integrated
SAMAnalyticalCreatePerimeterZones_2,SAMAnalytical.CreatePerimeterZones_2,SAMAnalytical.CreatePerimeterZones_2,SAM,Analytical01,SAM.Analytical.Grasshopper,Grasshopper/SAM.Analytical.Grasshopper/Component/SAMAnalyticalCreatePerimeterZones_2.cs,4b795abf-c957-4e8c-9e02-afb6d3ec60f7,component,GH_Exposure.primary,False,SAM_GH_ZonePluralCreate,zone,create,True,,override,,zone_plural_create,SAM_GH_ZonePluralCreate,svg/zone_plural_create.svg,02 Spaces & zones,integrated
SAMAnalyticalCreateZonesByValues,SAMAnalytical.CreateZonesByValues,SAMAnalytical.CreateZonesByValues,SAM,Analytical01,SAM.Analytical.Grasshopper,Grasshopper/SAM.Analytical.Grasshopper/Component/SAMAnalyticalCreateZonesByValues.cs,619aff3e-54e2-4a72-a809-62cb029e1e00,component,GH_Exposure.primary,False,SAM_Small,zone,create,True,,rule,,zone_plural_create,SAM_GH_ZonePluralCreate,svg/zone_plural_create.svg,02 Spaces & zones,integrated
SAMAnalyticalGetZonesByName,SAMAnalytical.GetZonesByName,SAMAnalytical.GetZonesByName,SAM,Analytical02,SAM.Analytical.Grasshopper,Grasshopper/SAM.Analytical.Grasshopper/Component/SAMAnalyticalGetZonesByName.cs,8e16e077-13d8-4880-ba19-e7de974afadb,component,GH_Exposure.primary,False,SAM_GH_ZonePluralGet,zone,get,True,,rule,,zone_plural_get,SAM_GH_ZonePluralGet,svg/zone_plural_get.svg,02 Spaces & zones,integrated
SAMAnalyticalGetZonesBySpace,SAMAnalytical.GetZonesBySpace,SAMAnalytical.GetZonesBySpace,SAM,Analytical02,SAM.Analytical.Grasshopper,Grasshopper/SAM.Analytical.Grasshopper/Component/SAMAnalyticalGetZonesBySpace.cs,fffaa26e-db9d-4c58-9b64-7385b6312dfd,component,GH_Exposure.primary,False,SAM_GH_ZonePluralGet,zone,get,True,,rule,,zone_plural_get,SAM_GH_ZonePluralGet,svg/zone_plural_get.svg,02 Spaces & zones,integrated
SAMAnalyticalModifyZonesCategoryName,SAMAnalytical.ModifyZone,SAMAnalytical.ModifyZone,SAM,Analytical02,SAM.Analytical.Grasshopper,Grasshopper/SAM.Analytical.Grasshopper/Component/SAMAnalyticalModifyZonesCategoryName.cs,be852598-6bd0-4581-9bdd-a14eaf0ba091,component,GH_Exposure.primary,False,SAM_GH_ZoneModify,zone,modify,False,,override,,zone_modify,SAM_GH_ZoneModify,svg/zone_modify.svg,02 Spaces & zones,integrated
SAMAnalyticalUpdateZoneByName,SAMAnalytical.UpdateZone,SAMAnalytical.UpdateZone,SAM,Analytical04,SAM.Analytical.Grasshopper,Grasshopper/SAM.Analytical.Grasshopper/Component/SAMAnalyticalUpdateZoneByName.cs,99eb209d-d128-42da-9d34-f7dcd935cb8e,component,GH_Exposure.primary,False,SAM_Small,zone,update,False,,rule,,zone_update,SAM_GH_ZoneUpdate,svg/zone_update.svg,02 Spaces & zones,integrated
SAMAnalyticalZoneType,SAMAnalytical.ZoneType,SAMAnalytical.ZoneType,SAM,Analytical04,SAM.Analytical.Grasshopper,Grasshopper/SAM.Analytical.Grasshopper/Component/SAMAnalyticalZoneType.cs,a69a8102-c893-4c0b-bc55-fed129876bd7,component,,False,SAM_GH_ZoneValue,zone,value,False,,override,,zone_value,SAM_GH_ZoneValue,svg/zone_value.svg,02 Spaces & zones,integrated
SAMAnalyticalAddAperturesByAperture,SAMAnalytical.AddAperturesByAperture,SAMAnalytical.AddAperturesByAperture,SAM,Analytical,SAM.Analytical.Grasshopper,Grasshopper/SAM.Analytical.Grasshopper/Component/SAMAnalyticalAddAperturesByAperture.cs,a2392741-bec2-4646-8205-f9eb36cccd46,component,,False,SAM_GH_ApertureAdd,aperture,add,False,,rule,,aperture_add,SAM_GH_ApertureAdd,svg/aperture_add.svg,"03 Panels, apertures & shading",integrated
SAMAnalyticalAddAperturesByAzimuths,SAMAnalytical.AddAperturesByAzimuths,AddAperturesByAzimuths,SAM,Analytical,SAM.Analytical.Grasshopper,Grasshopper/SAM.Analytical.Grasshopper/Component/SAMAnalyticalAddAperturesByAzimuths..cs,84d34834-8ce0-42cb-a3de-7366337bac4a,component,GH_Exposure.primary,False,SAM_Small,aperture,add,False,,rule,,aperture_add,SAM_GH_ApertureAdd,svg/aperture_add.svg,"03 Panels, apertures & shading",integrated
SAMAnalyticalAddAperturesByGeometryAndApertureType,SAMAnalytical.AddAperturesByGeometryAndApertureType,SAMAnalytical.AddAperturesByGeometryAndApertureType,SAM,Analytical,SAM.Analytical.Grasshopper,Grasshopper/SAM.Analytical.Grasshopper/Component/SAMAnalyticalAddAperturesByGeometryAndApertureType.cs,14802f03-04a2-4179-8305-6b43f5fc19d4,component,,False,SAM_GH_ApertureAdd,aperture,add,False,,rule,,aperture_add,SAM_GH_ApertureAdd,svg/aperture_add.svg,"03 Panels, apertures & shading",integrated
SAMAnalyticalAddAperturesByGeometryAndConstructionManager,SAMAnalytical.AddAperturesByGeometryAndConstructionManager,SAMAnalytical.AddAperturesByGeometryAndConstructionManager,SAM,Analytical,SAM.Analytical.Grasshopper,Grasshopper/SAM.Analytical.Grasshopper/Component/SAMAnalyticalAddAperturesByGeometryAndConstructionManager.cs,0d7525e7-a1ad-4658-bac1-324b0721e8e3,component,,False,SAM_GH_ApertureAdd,aperture,add,False,,rule,,aperture_add,SAM_GH_ApertureAdd,svg/aperture_add.svg,"03 Panels, apertures & shading",integrated
SAMAnalyticalAddAperturesByGeometryApertureConstruction,SAMAnalytical.AddAperturesByGeometryApertureConstruction,SAMAnalytical.AddAperturesByGeometryApertureConstruction,SAM,Analytical,SAM.Analytical.Grasshopper,Grasshopper/SAM.Analytical.Grasshopper/Component/SAMAnalyticalAddAperturesByGeometryAndApertureConstruction.cs,64ee6364-37ba-4554-9ec2-39980afa92c3,component,,False,SAM_GH_ApertureAdd,aperture,add,False,,rule,,aperture_add,SAM_GH_ApertureAdd,svg/aperture_add.svg,"03 Panels, apertures & shading",integrated
SAMAnalyticalAddAperturesByRatio,SAMAnalytical.AddAperturesByRatio,SAMAnalytical.AddAperturesByRatio,SAM,Analytical,SAM.Analytical.Grasshopper,Grasshopper/SAM.Analytical.Grasshopper/Component/SAMAnalyticalAddAperturesByRatio.cs,12e7038b-df21-44dd-aebd-d47a13147ead,component,,False,SAM_GH_ApertureAdd,aperture,add,False,,rule,,aperture_add,SAM_GH_ApertureAdd,svg/aperture_add.svg,"03 Panels, apertures & shading",integrated
SAMAnalyticalAddOpenings,SAMAnalytical.AddOpenings,SAMAnalytical.AddOpenings,SAM,Analytical,SAM.Analytical.Grasshopper,Grasshopper/SAM.Analytical.Grasshopper/Component/New/SAMAnalyticalAddOpenings.cs,56ebc811-a6f3-409c-810b-289d4543fdba,component,GH_Exposure.hidden,True,SAM_GH_ApertureAdd,aperture,add,False,,override,,aperture_add,SAM_GH_ApertureAdd,svg/aperture_add.svg,"03 Panels, apertures & shading",integrated
SAMAnalyticalAddOpeningsByAzimuth,SAMAnalytical.AddOpeningsByAzimuth,SAMAnalytical.AddOpeningsByAzimuth,SAM,Analytical,SAM.Analytical.Grasshopper,Grasshopper/SAM.Analytical.Grasshopper/Component/New/SAMAnalyticalAddOpeningsByAzimuth.cs,44af6249-36e0-4e1f-8e9b-ed4b8bb3c6b9,component,GH_Exposure.hidden,True,SAM_GH_ApertureAdd,aperture,add,False,,override,,aperture_add,SAM_GH_ApertureAdd,svg/aperture_add.svg,"03 Panels, apertures & shading",integrated
SAMAnalyticalAddTransferAirDoorsByPartF,SAMAnalytical.AddTransferAirDoorsByPartF,SAMAnalytical.AddTransferAirDoorsByPartF,SAM,Analytical,SAM.Analytical.Grasshopper,Grasshopper/SAM.Analytical.Grasshopper/Component/SAMAnalyticalAddTransferAirDoorsByPartF.cs,dd4e991a-40b4-4ecd-9629-9bd7e04e89fd,component,,False,SAM_Small,aperture,add,False,,override,,aperture_add,SAM_GH_ApertureAdd,svg/aperture_add.svg,"03 Panels, apertures & shading",integrated
SAMAnalyticalCalculateGlazingValueByAperture,SAMAnalytical.CalculateGlazingValueByAperture,SAMAnalytical.CalculateGlazingValueByAperture,SAM WIP,Tas,SAM.Analytical.Grasshopper,Grasshopper/SAM.Analytical.Grasshopper/Component/SAMAnalyticalCalculateGlazingValueByAperture.cs,04a57342-8b53-41d0-998f-aaea4cbc0e4a,component,GH_Exposure.tertiary,False,SAM_GH_ApertureCalculate,aperture,calculate,False,,override,,aperture_calculate,SAM_GH_ApertureCalculate,svg/aperture_calculate.svg,"03 Panels, apertures & shading",integrated
SAMAnalyticalCreateOpeningsBy3DGeometry,SAMAnalytical.CreateOpeningsBy3DGeometry,SAMAnalytical.CreateOpeningsBy3DGeometry,SAM,Analytical,SAM.Analytical.Grasshopper,Grasshopper/SAM.Analytical.Grasshopper/Component/New/SAMAnalyticalCreateOpeningsBy3DGeometry.cs,e1079084-3a9b-408f-a10d-fa10f3519b89,component,GH_Exposure.hidden,True,SAM_GH_AperturePluralCreate,aperture,create,True,,override,,aperture_plural_create,SAM_GH_AperturePluralCreate,svg/aperture_plural_create.svg,"03 Panels, apertures & shading",integrated
SAMAnalyticalGetApertures,SAMAnalytical.GetApertures,SAMAnalytical.GetApertures,SAM,Analytical01,SAM.Analytical.Grasshopper,Grasshopper/SAM.Analytical.Grasshopper/Component/SAMAnalyticalGetApertures.cs,a5a1e858-0db7-46db-bf50-da74f24a5a8f,component,GH_Exposure.primary,False,SAM_GH_AperturePluralGet,aperture,get,True,,rule,,aperture_plural_get,SAM_GH_AperturePluralGet,svg/aperture_plural_get.svg,"03 Panels, apertures & shading",integrated
SAMAnalyticalMergeAperturesByMinRectangle,SAMAnalytical.MergeAperturesByMinRectangle,SAMAnalytical.MergeAperturesByMinRectangle,SAM,Analytical02,SAM.Analytical.Grasshopper,Grasshopper/SAM.Analytical.Grasshopper/Component/SAMAnalyticalMergeAperturesByMinRectangle.cs,f73dd5e2-56ad-4532-8046-f62a2d57f2ce,component,GH_Exposure.primary,False,SAM_GH_AperturePluralMerge,aperture,merge,True,,rule,,aperture_plural_merge,SAM_GH_AperturePluralMerge,svg/aperture_plural_merge.svg,"03 Panels, apertures & shading",integrated
SAMAnalyticalMergeCoplanarApertures,SAMAnalytical.MergeCoplanarApertures,SAMAnalytical.MergeCoplanarApertures,SAM,Analytical02,SAM.Analytical.Grasshopper,Grasshopper/SAM.Analytical.Grasshopper/Component/SAMAnalyticalMergeCoplanarApertures.cs,b09ab5e5-eb79-4ef9-93e6-22aa1504fecf,component,,False,SAM_GH_AperturePluralMerge,aperture,merge,True,,rule,,aperture_plural_merge,SAM_GH_AperturePluralMerge,svg/aperture_plural_merge.svg,"03 Panels, apertures & shading",integrated
SAMAnalyticalMergeOverlapApertures,SAMAnalytical.MergeOverlapApertures,SAMAnalytical.MergeOverlapApertures,SAM,Analytical02,SAM.Analytical.Grasshopper,Grasshopper/SAM.Analytical.Grasshopper/Component/SAMAnalyticalMergeOverlapApertures.cs,976cc056-f7aa-4384-a479-d92da090d8a3,component,,False,SAM_GH_AperturePluralMerge,aperture,merge,True,,rule,,aperture_plural_merge,SAM_GH_AperturePluralMerge,svg/aperture_plural_merge.svg,"03 Panels, apertures & shading",integrated
SAMAnalyticalOffsetAperturesOnEdge,SAMAnalytical.OffsetAperturesOnEdge,SAMAnalytical.OffsetAperturesOnEdge,SAM,Analytical02,SAM.Analytical.Grasshopper,Grasshopper/SAM.Analytical.Grasshopper/Component/SAMAnalyticalOffsetAperturesOnEdge.cs,b119f964-0b60-4d34-84e6-bd0d5f442465,component,,False,SAM_GH_AperturePluralOffset,aperture,offset,True,,override,,aperture_plural_offset,SAM_GH_AperturePluralOffset,svg/aperture_plural_offset.svg,"03 Panels, apertures & shading",integrated
SAMAnalyticalRemoveOverlapApertures,SAMAnalytical.RemoveOverlapApertures,SAMAnalytical.RemoveOverlapApertures,SAM,Analytical03,SAM.Analytical.Grasshopper,Grasshopper/SAM.Analytical.Grasshopper/Component/SAMAnalyticalRemoveOverlapApertures.cs,c0512da8-82c6-4bb7-a660-369c5589063b,component,,False,SAM_GH_AperturePluralRemove,aperture,remove,True,,rule,,aperture_plural_remove,SAM_GH_AperturePluralRemove,svg/aperture_plural_remove.svg,"03 Panels, apertures & shading",integrated
SAMAnalyticalApertureType,SAMAnalytical.ApertureType,SAMAnalytical.ApertureType,SAM,Analytical,SAM.Analytical.Grasshopper,Grasshopper/SAM.Analytical.Grasshopper/Component/SAMAnalyticalApertureType.cs,6398c87e-ec05-44ab-a35b-09f09f08ff38,component,,False,SAM_GH_ApertureValue,aperture,value,False,,override,,aperture_value,SAM_GH_ApertureValue,svg/aperture_value.svg,"03 Panels, apertures & shading",integrated
SAMAnalyticalNormalsDisplay,SAMAnalytical.NormalsDisplay,SAMAnalytical.NormalsDisplay,SAM,Analytical02,SAM.Analytical.Grasshopper,Grasshopper/SAM.Analytical.Grasshopper/Component/SAMAnalyticalNormalsDisplay.cs,7d48087c-a4d6-4f0a-b887-eb9b0a13fc73,component,,False,SAM_GH_NormalDisplay,normal,display,False,,override,,normal_display,SAM_GH_NormalDisplay,svg/normal_display.svg,"03 Panels, apertures & shading",integrated
SAMAnalyticalFlipPanel,SAMAnalytical.FlipPanel,SAMAnalytical.FlipPanel,SAM,Analytical01,SAM.Analytical.Grasshopper,Grasshopper/SAM.Analytical.Grasshopper/Component/SAMAnalyticalFlipPanel.cs,8899c11a-c18f-4c88-a2a4-2c7f1d4ed181,component,,False,SAM_GH_NormalFlip,normal,flip,False,,override,,normal_flip,SAM_GH_NormalFlip,svg/normal_flip.svg,"03 Panels, apertures & shading",integrated
SAMGeometryFlipNormal,SAMGeometry.FlipNormal,SAMGeometry.FlipNormal,SAM,Geometry,SAM.Geometry.Grasshopper,Grasshopper/SAM.Geometry.Grasshopper/Component/SAMGeometryFlipNormal.cs,ffe03932-08df-4561-8924-e734b2ed7318,component,,False,SAM_GH_NormalFlip,normal,flip,False,,override,,normal_flip,SAM_GH_NormalFlip,svg/normal_flip.svg,"03 Panels, apertures & shading",integrated
SAMAnalyticalUpdateNormals,SAMAnalytical.UpdateNormals,SAMAnalytical.UpdateNormals,SAM,Analytical04,SAM.Analytical.Grasshopper,Grasshopper/SAM.Analytical.Grasshopper/Component/SAMAnalyticalUpdateNormals.cs,5a2b947c-10cd-42cb-8f73-1764138236aa,component,,False,SAM_GH_NormalUpdate,normal,update,False,,override,,normal_update,SAM_GH_NormalUpdate,svg/normal_update.svg,"03 Panels, apertures & shading",integrated
SAMAnalyticalAddOpeningProperties,SAMAnalytical.AddOpeningProperties,SAMAnalytical.AddOpeningProperties,SAM,Analytical,SAM.Analytical.Grasshopper,Grasshopper/SAM.Analytical.Grasshopper/Component/SAMAnalyticalAddOpeningProperties.cs,09cbf514-7cd1-45b5-8458-c6728f86cf07,component,GH_Exposure.primary,False,SAM_GH_OpeningPropertiesAdd,openingProperties,add,False,,override,,openingProperties_add,SAM_GH_OpeningPropertiesAdd,svg/openingProperties_add.svg,"03 Panels, apertures & shading",integrated
SAMAnalyticalAddOpeningPropertiesByPartO,SAMAnalytical.AddOpeningPropertiesByPartO,SAMAnalytical.AddOpeningPropertiesByPartO,SAM,Analytical,SAM.Analytical.Grasshopper,Grasshopper/SAM.Analytical.Grasshopper/Component/SAMAnalyticalAddOpeningPropertiesByPartO.cs,66d0ddd2-fc84-4218-9bf2-18afbbe8e8a7,component,GH_Exposure.primary,False,SAM_GH_OpeningPropertiesAdd,openingProperties,add,False,,override,,openingProperties_add,SAM_GH_OpeningPropertiesAdd,svg/openingProperties_add.svg,"03 Panels, apertures & shading",integrated
SAMAnalyticalAddVentilationPropertiesByPartF,SAMAnalytical.AddVentilationPropertiesByPartF,SAMAnalytical.AddVentilationPropertiesByPartF,SAM,Analytical,SAM.Analytical.Grasshopper,Grasshopper/SAM.Analytical.Grasshopper/Component/SAMAnalyticalAddVentilationPropertiesByPartF.cs,644bf0f8-ea02-4ea3-aa03-5b7579d7ce38,component,,False,SAM_Small,openingProperties,add,False,,override,,openingProperties_add,SAM_GH_OpeningPropertiesAdd,svg/openingProperties_add.svg,"03 Panels, apertures & shading",integrated
SAMAnalyticalRemoveOpeningProperties,SAMAnalytical.RemoveOpeningProperties,SAMAnalytical.RemoveOpeningProperties,SAM,Analytical03,SAM.Analytical.Grasshopper,Grasshopper/SAM.Analytical.Grasshopper/Component/SAMAnalyticalRemoveOpeningProperties.cs,e8f5f498-22dd-404f-9b6c-dc4aee1867c4,component,GH_Exposure.primary,False,SAM_GH_OpeningPropertiesRemove,openingProperties,remove,False,,override,,openingProperties_remove,SAM_GH_OpeningPropertiesRemove,svg/openingProperties_remove.svg,"03 Panels, apertures & shading",integrated
SAMAnalyticalSetPartFCommissioningData,SAMAnalytical.SetPartFCommissioningData,SAMAnalytical.SetPartFCommissioningData,SAM,Analytical,SAM.Analytical.Grasshopper,Grasshopper/SAM.Analytical.Grasshopper/Component/SAMAnalyticalSetPartFCommissioningData.cs,a4d1e7c6-2b90-45f3-9c18-7e0d5b3a86f4,component,,False,SAM_Small,openingProperties,set,False,,override,,openingProperties_set,SAM_GH_OpeningPropertiesSet,svg/openingProperties_set.svg,"03 Panels, apertures & shading",integrated
SAMAnalyticalCheckPartFCompliance,SAMAnalytical.CheckPartFCompliance,SAMAnalytical.CheckPartFCompliance,SAM,Analytical,SAM.Analytical.Grasshopper,Grasshopper/SAM.Analytical.Grasshopper/Component/SAMAnalyticalCheckPartFCompliance.cs,3f8c1f2b-9a41-4d0e-8b57-2c6a41f7d913,component,,False,SAM_Small,openingProperties,validate,False,,override,,openingProperties_validate,SAM_GH_OpeningPropertiesValidate,svg/openingProperties_validate.svg,"03 Panels, apertures & shading",integrated
SAMAnalyticalAddAirPanels,SAMAnalytical.AddAirPanels,SAMAnalytical.AddAirPanels,SAM,Analytical,SAM.Analytical.Grasshopper,Grasshopper/SAM.Analytical.Grasshopper/Component/SAMAnalyticalAddAirPanels.cs,5f0e4a26-2ac3-434a-8915-434b93a2c0b4,component,GH_Exposure.primary,False,SAM_GH_PanelAdd,panel,add,False,,override,,panel_add,SAM_GH_PanelAdd,svg/panel_add.svg,"03 Panels, apertures & shading",integrated
SAMAnalyticalAddAirPartitions,SAMAnalytical.AddAirPartitions,SAMAnalytical.AddAirPartitions,SAM,Analytical,SAM.Analytical.Grasshopper,Grasshopper/SAM.Analytical.Grasshopper/Component/New/SAMAnalyticalAddAirPartitions.cs,31344240-ad1f-48dc-8700-f5df3dd4fb90,component,GH_Exposure.hidden,True,SAM_GH_PanelAdd,panel,add,False,,override,,panel_add,SAM_GH_PanelAdd,svg/panel_add.svg,"03 Panels, apertures & shading",integrated
SAMAnalyticalAddPanels,SAMAnalytical.AddPanels,SAMAnalytical.AddPanels,SAM,Analytical,SAM.Analytical.Grasshopper,Grasshopper/SAM.Analytical.Grasshopper/Component/SAMAnalyticalAddPanels.cs,5ae3e189-02d6-43de-ab1f-cccb2c9055d0,component,GH_Exposure.primary,False,SAM_GH_PanelAdd,panel,add,False,,override,,panel_add,SAM_GH_PanelAdd,svg/panel_add.svg,"03 Panels, apertures & shading",integrated
SAMAnalyticalFillFloorsAndRoofs,SAMAnalytical.FillFloorsAndRoofs,SAMAnalytical.FillFloorsAndRoofs,SAM,Analytical01,SAM.Analytical.Grasshopper,Grasshopper/SAM.Analytical.Grasshopper/Component/SAMAnalyticalFillFloorsAndRoofs.cs,9d79ccd3-f2bd-462c-bc7b-30d2b27a847d,component,,False,SAM_GH_PanelAdd,panel,add,False,,override,,panel_add,SAM_GH_PanelAdd,svg/panel_add.svg,"03 Panels, apertures & shading",integrated
SAMAnalyticalAlignHorizontalPanelByElevations,SAMAnalytical.AlignHorizontalPanelByElevations,SAMAnalytical.AlignHorizontalPanelByElevations,SAM,Analytical,SAM.Analytical.Grasshopper,Grasshopper/SAM.Analytical.Grasshopper/Component/SAMAnalyticalAlignHorizontalPanelByElevations.cs,c6950b1f-4fa1-42f7-a30b-57da0b6bbbb3,component,GH_Exposure.primary,False,SAM_GH_PanelAlign,panel,align,False,,rule,,panel_align,SAM_GH_PanelAlign,svg/panel_align.svg,"03 Panels, apertures & shading",integrated
SAMAnalyticalAlignPanels,SAMAnalytical.AlignPanels,SAMAnalytical.AlignPanels,SAM,Analytical,SAM.Analytical.Grasshopper,Grasshopper/SAM.Analytical.Grasshopper/Component/SAMAnalyticalAlignPanels.cs,68f43a0e-abb0-40ec-9032-a2195366ceb1,component,GH_Exposure.primary,False,SAM_GH_PanelPluralAlign,panel,align,True,,rule,,panel_plural_align,SAM_GH_PanelPluralAlign,svg/panel_plural_align.svg,"03 Panels, apertures & shading",integrated
SAMAnalyticalAlignPanelsByLowerAndUpperElevation,SAMAnalytical.AlignPanelsByLowerAndUpperElevation,SAMAnalytical.AlignPanelsByLowerAndUpperElevation,SAM,Analytical,SAM.Analytical.Grasshopper,Grasshopper/SAM.Analytical.Grasshopper/Component/SAMAnalyticalAlignPanelsByLowerAndUpperElevation.cs,6cdf46cb-5e46-407d-847d-0e12a9b2545a,component,GH_Exposure.primary,False,SAM_GH_PanelPluralAlign,panel,align,True,,rule,,panel_plural_align,SAM_GH_PanelPluralAlign,svg/panel_plural_align.svg,"03 Panels, apertures & shading",integrated
SAMAnalyticalPanelDistance,SAMAnalytical.PanelDistance,SAMAnalytical.PanelDistance,SAM,Analytical02,SAM.Analytical.Grasshopper,Grasshopper/SAM.Analytical.Grasshopper/Component/SAMAnalyticalPanelDistance.cs,f3c098fa-c9ae-498d-bdf1-3121a3db18e3,component,,False,SAM_GH_PanelCalculate,panel,calculate,False,,override,,panel_calculate,SAM_GH_PanelCalculate,svg/panel_calculate.svg,"03 Panels, apertures & shading",integrated
SAMAnalyticalPanelSpacing,SAMAnalytical.PanelSpacing,SAMAnalytical.PanelSpacing,SAM,Analytical03,SAM.Analytical.Grasshopper,Grasshopper/SAM.Analytical.Grasshopper/Component/SAMAnalyticalPanelSpacing.cs,32fcd1a9-7926-45de-bd27-3dde667ba0d0,component,GH_Exposure.primary,False,SAM_GH_PanelPluralCalculate,panel,calculate,True,,override,,panel_plural_calculate,SAM_GH_PanelPluralCalculate,svg/panel_plural_calculate.svg,"03 Panels, apertures & shading",integrated
SAMAnalyticalPanelTypeByText,SAMAnalytical.PanelTypeByText,SAMAnalytical.PanelTypeByText,SAM,Analytical03,SAM.Analytical.Grasshopper,Grasshopper/SAM.Analytical.Grasshopper/Component/SAMAnalyticalPanelTypeByText.cs,aa788133-30d2-4622-94c2-342b80d438f9,component,,False,SAM_GH_PanelConvert,panel,convert,False,,override,,panel_convert,SAM_GH_PanelConvert,svg/panel_convert.svg,"03 Panels, apertures & shading",integrated
SAMAnalyticalCreateHostPartitionBy3DGeometry,SAMAnalytical.CreateHostPartitionBy3DGeometry,SAMAnalytical.CreateHostPartitionBy3DGeometry,SAM,Analytical,SAM.Analytical.Grasshopper,Grasshopper/SAM.Analytical.Grasshopper/Component/New/SAMAnalyticalCreateHostPartitionsBy3DGeometry.cs,4b1179d5-66d6-411b-92f6-7137e3cc1e25,component,GH_Exposure.hidden,True,SAM_GH_PanelCreate,panel,create,False,,rule,,panel_create,SAM_GH_PanelCreate,svg/panel_create.svg,"03 Panels, apertures & shading",integrated
SAMAnalyticalCreatePanelBy3DGeometry,SAMAnalytical.CreatePanelBy3DGeometry,SAMAnalytical.CreatePanelBy3DGeometry,SAM,Analytical01,SAM.Analytical.Grasshopper,Grasshopper/SAM.Analytical.Grasshopper/Component/SAMAnalyticalCreatePanelBy3DGeometry.cs,35ef8f3e-1cf2-407d-b2ed-33bf371ea161,component,,False,SAM_Small,panel,create,False,,rule,,panel_create,SAM_GH_PanelCreate,svg/panel_create.svg,"03 Panels, apertures & shading",integrated
SAMAnalyticalCreatePanelByBottomAndHeight,SAMAnalytical.CreatePanelByBottomAndHeight,SAMAnalytical.CreatePanelByBottomAndHeight,SAM,Analytical01,SAM.Analytical.Grasshopper,Grasshopper/SAM.Analytical.Grasshopper/Component/SAMAnalyticalCreatePanelByBottomAndHeight.cs,1a5fe397-5876-4d53-bef5-29c1a220ba0a,component,,False,SAM_GH_PanelCreate,panel,create,False,,rule,,panel_create,SAM_GH_PanelCreate,svg/panel_create.svg,"03 Panels, apertures & shading",integrated
SAMAnalyticalCreatePanelByPanels,SAMAnalytical.CreatePanelByPanels,SAMAnalytical.CreatePanelByPanels,SAM,Analytical01,SAM.Analytical.Grasshopper,Grasshopper/SAM.Analytical.Grasshopper/Component/SAMAnalyticalCreatePanelByPanels.cs,be3ca54c-0795-4b75-b277-9c863481e3e6,component,,False,SAM_GH_PanelCreate,panel,create,False,,rule,,panel_create,SAM_GH_PanelCreate,svg/panel_create.svg,"03 Panels, apertures & shading",integrated
SAMAnalyticalCreatePanelsByPlane,SAMAnalytical.CreatePanelsByPlane,SAMAnalytical.CreatePanelsByPlane,SAM,Analytical01,SAM.Analytical.Grasshopper,Grasshopper/SAM.Analytical.Grasshopper/Component/SAMAnalyticalCreatePanelsByPlane.cs,7bde6d08-c2e1-4564-973b-a1837499b6f7,component,GH_Exposure.primary,False,SAM_GH_PanelPluralCreate,panel,create,True,,rule,,panel_plural_create,SAM_GH_PanelPluralCreate,svg/panel_plural_create.svg,"03 Panels, apertures & shading",integrated
SAMAnalyticalCreatePanelsByShell,SAMAnalytical.CreatePanelsByShell,SAMAnalytical.CreatePanelsByShell,SAM,Analytical01,SAM.Analytical.Grasshopper,Grasshopper/SAM.Analytical.Grasshopper/Component/SAMAnalyticalCreatePanelsByShell.cs,7030c1cb-8b48-4afe-be37-4e9952a90fbb,component,GH_Exposure.primary,False,SAM_GH_PanelPluralCreate,panel,create,True,,rule,,panel_plural_create,SAM_GH_PanelPluralCreate,svg/panel_plural_create.svg,"03 Panels, apertures & shading",integrated
SAMAnalyticalPanelsDifference,SAMAnalytical.PanelsDifference,SAMAnalytical.PanelsDifference,SAM,Analytical03,SAM.Analytical.Grasshopper,Grasshopper/SAM.Analytical.Grasshopper/Component/SAMAnalyticalPanelsDifference.cs,ba9a7d8d-2e74-4a44-b25f-85eab2f5975d,component,GH_Exposure.primary,False,SAM_GH_PanelDifference,panel,difference,False,,override,,panel_difference,SAM_GH_PanelDifference,svg/panel_difference.svg,"03 Panels, apertures & shading",integrated
SAMAnalyticalLabelPanel,SAMAnalytical.LabelPanel,SAMAnalytical.LabelPanel,SAM,Analytical02,SAM.Analytical.Grasshopper,Grasshopper/SAM.Analytical.Grasshopper/Component/SAMAnalyticalLabelPanel.cs,5393ec84-4cb5-4198-8a92-3d392054c11b,component,,False,SAM_GH_PanelDisplay,panel,display,False,,override,,panel_display,SAM_GH_PanelDisplay,svg/panel_display.svg,"03 Panels, apertures & shading",integrated
SAMAnalyticalExtendExternalPanels,SAMAnalytical.ExtendExternalPanels,SAMAnalytical.ExtendExternalPanels,SAM,Analytical01,SAM.Analytical.Grasshopper,Grasshopper/SAM.Analytical.Grasshopper/Component/SAMAnalyticalExtendExternalPanels.cs,29242fec-1491-4f2e-9bdd-ec815e001907,component,GH_Exposure.primary,False,SAM_GH_PanelPluralExtend,panel,extend,True,,rule,,panel_plural_extend,SAM_GH_PanelPluralExtend,svg/panel_plural_extend.svg,"03 Panels, apertures & shading",integrated
SAMAnalyticalExtendPanelByPanels,SAMAnalytical.ExtendPanelByPanels,SAMAnalytical.ExtendPanelByPanels,SAM,Analytical01,SAM.Analytical.Grasshopper,Grasshopper/SAM.Analytical.Grasshopper/Component/SAMAnalyticalExtendPanelByPanels.cs,e997e962-7b26-45f0-8f6a-c46044c393cf,component,,False,SAM_GH_PanelExtend,panel,extend,False,,rule,,panel_extend,SAM_GH_PanelExtend,svg/panel_extend.svg,"03 Panels, apertures & shading",integrated
SAMAnalyticalExtendPanelByPlane,SAMAnalytical.ExtendPanelByPlane,SAMAnalytical.ExtendPanelByPlane,SAM,Analytical01,SAM.Analytical.Grasshopper,Grasshopper/SAM.Analytical.Grasshopper/Component/SAMAnalyticalExtendPanelByPlane.cs,5a3ad285-3029-4b7d-9087-a08c9699c8c3,component,,False,SAM_GH_PanelExtend,panel,extend,False,,rule,,panel_extend,SAM_GH_PanelExtend,svg/panel_extend.svg,"03 Panels, apertures & shading",integrated
SAMAnalyticalExtendPanels,SAMAnalytical.ExtendPanels,SAMAnalytical.ExtendPanels,SAM,Analytical01,SAM.Analytical.Grasshopper,Grasshopper/SAM.Analytical.Grasshopper/Component/SAMAnalyticalExtendPanels.cs,97e5ae37-fedf-4f2b-9650-b551da66de6d,component,GH_Exposure.primary,False,SAM_GH_PanelPluralExtend,panel,extend,True,,rule,,panel_plural_extend,SAM_GH_PanelPluralExtend,svg/panel_plural_extend.svg,"03 Panels, apertures & shading",integrated
SAMAnalyticalExternalPanels,SAMAnalytical.ExternalPanels,SAMAnalytical.ExternalPanels,SAM,Analytical01,SAM.Analytical.Grasshopper,Grasshopper/SAM.Analytical.Grasshopper/Component/SAMAnalyticalExternalPanels.cs,3d98152b-41b3-4805-a611-1c6d9ec45267,component,GH_Exposure.primary,False,SAM_GH_PanelPluralFilter,panel,filter,True,,override,,panel_plural_filter,SAM_GH_PanelPluralFilter,svg/panel_plural_filter.svg,"03 Panels, apertures & shading",integrated
SAMAnalyticalFilterByAzimuth,SAMAnalytical.FilterByAzimuth,SAMAnalytical.FilterByAzimuth,SAM,Analytical01,SAM.Analytical.Grasshopper,Grasshopper/SAM.Analytical.Grasshopper/Component/SAMAnalyticalFilterByAzimuth.cs,72b15a3c-6568-4a93-ac47-1e436c6a1535,component,GH_Exposure.primary,False,SAM_Small,panel,filter,True,,override,,panel_plural_filter,SAM_GH_PanelPluralFilter,svg/panel_plural_filter.svg,"03 Panels, apertures & shading",integrated
SAMAnalyticalFilterByBoundaryType,SAMAnalytical.FilterByBoundaryType,SAMAnalytical.FilterByBoundaryType,SAM,Analytical01,SAM.Analytical.Grasshopper,Grasshopper/SAM.Analytical.Grasshopper/Component/SAMAnalyticalFilterByBoundaryType.cs,a1d28a81-c6c8-45d5-9259-e8a4e94ed8b2,component,GH_Exposure.primary,False,SAM_GH_PanelPluralFilter,panel,filter,True,,override,,panel_plural_filter,SAM_GH_PanelPluralFilter,svg/panel_plural_filter.svg,"03 Panels, apertures & shading",integrated
SAMAnalyticalFilterByElevation,SAMAnalytical.FilterByElevation,SAMAnalytical.FilterByElevation,SAM,Analytical01,SAM.Analytical.Grasshopper,Grasshopper/SAM.Analytical.Grasshopper/Component/SAMAnalyticalFilterByElevation.cs,25f4e28b-071f-4d82-aa0f-ed48055ed607,component,,False,SAM_GH_PanelPluralFilter,panel,filter,True,,override,,panel_plural_filter,SAM_GH_PanelPluralFilter,svg/panel_plural_filter.svg,"03 Panels, apertures & shading",integrated
SAMAnalyticalFilterByMaxRectangle3D,SAMAnalytical.FilterByMaxRectangle3D,SAMAnalytical.FilterByMaxRectangle3D,SAM,Analytical01,SAM.Analytical.Grasshopper,Grasshopper/SAM.Analytical.Grasshopper/Component/SAMAnalyticalFilterByMaxRectangle3D.cs,e87bbf9e-b61f-4dde-9232-06ae944494bd,component,,False,SAM_GH_PanelPluralFilter,panel,filter,True,,override,,panel_plural_filter,SAM_GH_PanelPluralFilter,svg/panel_plural_filter.svg,"03 Panels, apertures & shading",integrated
SAMAnalyticalFilterByPanelAreaAndThinnessRatio,SAMAnalytical.FilterByPanelAreaAndThinnessRatio,SAMAnalytical.FilterByPanelAreaAndThinnessRatio,SAM,Analytical01,SAM.Analytical.Grasshopper,Grasshopper/SAM.Analytical.Grasshopper/Component/SAMAnalyticalFilterByPanelAreaAndThinnessRatio.cs,455ec08e-285d-4fcd-be03-52c99c509e74,component,,False,SAM_GH_PanelPluralFilter,panel,filter,True,,override,,panel_plural_filter,SAM_GH_PanelPluralFilter,svg/panel_plural_filter.svg,"03 Panels, apertures & shading",integrated
SAMAnalyticalFilterByPanelType,SAMAnalytical.FilterByPanelType,SAMAnalytical.FilterByPanelType,SAM,Analytical01,SAM.Analytical.Grasshopper,Grasshopper/SAM.Analytical.Grasshopper/Component/SAMAnalyticalFilterByPanelType.cs,fac1d3e9-468c-434b-8bc1-915accb7868e,component,GH_Exposure.primary,False,SAM_GH_PanelPluralFilter,panel,filter,True,,override,,panel_plural_filter,SAM_GH_PanelPluralFilter,svg/panel_plural_filter.svg,"03 Panels, apertures & shading",integrated
SAMAnalyticalFilterPanelsByZone,SAMAnalytical.FilterPanelsByZone,SAMAnalytical.FilterPanelsByZone,SAM,Analytical02,SAM.Analytical.Grasshopper,Grasshopper/SAM.Analytical.Grasshopper/Component/SAMAnalyticalFilterPanelsByZone.cs,6f2d8c7a-9b3e-4c1a-9e2f-3a7c5d0b8e4f,component,GH_Exposure.primary,False,SAM_GH_PanelPluralFilter,panel,filter,True,,rule,,panel_plural_filter,SAM_GH_PanelPluralFilter,svg/panel_plural_filter.svg,"03 Panels, apertures & shading",integrated
SAMAnalyticalGetPanels,SAMAnalytical.GetPanels,SAMAnalytical.GetPanels,SAM,Analytical02,SAM.Analytical.Grasshopper,Grasshopper/SAM.Analytical.Grasshopper/Component/SAMAnalyticalGetPanels.cs,d1914180-0be2-4982-8f26-c290889535c4,component,GH_Exposure.primary,False,SAM_GH_PanelPluralGet,panel,get,True,,rule,,panel_plural_get,SAM_GH_PanelPluralGet,svg/panel_plural_get.svg,"03 Panels, apertures & shading",integrated
SAMAnalyticalGetPanelsByConstruction,SAMAnalytical.GetPanelsByConstruction,SAMAnalytical.GetPanelsByConstruction,SAM,Analytical02,SAM.Analytical.Grasshopper,Grasshopper/SAM.Analytical.Grasshopper/Component/SAMAnalyticalGetPanelsByConstruction.cs,f30c5943-55be-4ed5-bacc-9c9d265b5225,component,,False,SAM_GH_PanelPluralGet,panel,get,True,,rule,,panel_plural_get,SAM_GH_PanelPluralGet,svg/panel_plural_get.svg,"03 Panels, apertures & shading",integrated
SAMAnalyticalPanelLocation,SAMAnalytical.PanelLocation,SAMAnalytical.PanelLocation,SAM,Analytical02,SAM.Analytical.Grasshopper,Grasshopper/SAM.Analytical.Grasshopper/Component/SAMAnalyticalPanelLocation.cs,161f6ee4-60a3-4699-ade7-a6fbe9a1e222,component,,False,SAM_GH_PanelGet,panel,get,False,,override,,panel_get,SAM_GH_PanelGet,svg/panel_get.svg,"03 Panels, apertures & shading",integrated
SAMAnalyticalOverlapPanels,SAMAnalytical.OverlapPanels,SAMAnalytical.OverlapPanels,SAM,Analytical02,SAM.Analytical.Grasshopper,Grasshopper/SAM.Analytical.Grasshopper/Component/SAMAnalyticalOverlapPanels.cs,b48cbeeb-4f49-4d30-8bb5-0e46b42451e8,component,,False,SAM_GH_PanelIntersect,panel,intersect,False,,override,,panel_intersect,SAM_GH_PanelIntersect,svg/panel_intersect.svg,"03 Panels, apertures & shading",integrated
SAMAnalyticalPanelsIntersection,SAMAnalytical.PanelsIntersection,SAMAnalytical.PanelsIntersection,SAM,Analytical,SAM.Analytical.Grasshopper,Grasshopper/SAM.Analytical.Grasshopper/Component/SAMAnalyticalPanelsIntersection.cs,f35cee62-41d4-423f-b528-52ea240e9f37,component,,False,SAM_GH_PanelIntersect,panel,intersect,False,,override,,panel_intersect,SAM_GH_PanelIntersect,svg/panel_intersect.svg,"03 Panels, apertures & shading",integrated
SAMAnalyticalJoinPanels,SAMAnalytical.JoinPanels,SAMAnalytical.JoinPanels,SAM,Analytical02,SAM.Analytical.Grasshopper,Grasshopper/SAM.Analytical.Grasshopper/Component/SAMAnalyticalJoinPanels.cs,8a229d7b-6cce-4a28-8be9-07dd8c17aee5,component,,False,SAM_GH_PanelPluralMerge,panel,merge,True,,rule,,panel_plural_merge,SAM_GH_PanelPluralMerge,svg/panel_plural_merge.svg,"03 Panels, apertures & shading",integrated
SAMAnalyticalMergeCoplanarPanels,SAMAnalytical.MergeCoplanarPanels,SAMAnalytical.MergeCoplanarPanels,SAM,Analytical02,SAM.Analytical.Grasshopper,Grasshopper/SAM.Analytical.Grasshopper/Component/SAMAnalyticalMergeCoplanarPanels.cs,fa346a65-0171-4795-a830-b0c6bac02a56,component,,False,SAM_GH_PanelPluralMerge,panel,merge,True,,rule,,panel_plural_merge,SAM_GH_PanelPluralMerge,svg/panel_plural_merge.svg,"03 Panels, apertures & shading",integrated
SAMAnalyticalMergeCoplanarPanelsBySpace,SAMAnalytical.MergeCoplanarPanelsBySpace,SAMAnalytical.MergeCoplanarPanelsBySpace,SAM,Analytical02,SAM.Analytical.Grasshopper,Grasshopper/SAM.Analytical.Grasshopper/Component/SAMAnalyticalMergeCoplanarPanelsBySpace.cs,8a93e5ba-398c-465e-ab39-4693b3f2d916,component,,False,SAM_GH_PanelPluralMerge,panel,merge,True,,rule,,panel_plural_merge,SAM_GH_PanelPluralMerge,svg/panel_plural_merge.svg,"03 Panels, apertures & shading",integrated
SAMAnalyticalMergeOverlapPanels,SAMAnalytical.MergeOverlapPanels,SAMAnalytical.MergeOverlapPanels,SAM,Analytical02,SAM.Analytical.Grasshopper,Grasshopper/SAM.Analytical.Grasshopper/Component/SAMAnalyticalMergeOverlapPanels.cs,4f90fff5-852c-480e-bf51-bc817e15e953,component,,False,SAM_GH_PanelPluralMerge,panel,merge,True,,rule,,panel_plural_merge,SAM_GH_PanelPluralMerge,svg/panel_plural_merge.svg,"03 Panels, apertures & shading",integrated
SAMAnalyticalMergePanels,SAMAnalytical.MergePanels,SAMAnalytical.MergePanels,SAM,Analytical02,SAM.Analytical.Grasshopper,Grasshopper/SAM.Analytical.Grasshopper/Component/SAMAnalyticalMergePanels.cs,efc84202-a20e-428e-915a-6ae68bc6ab01,component,GH_Exposure.primary,False,SAM_GH_PanelPluralMerge,panel,merge,True,,rule,,panel_plural_merge,SAM_GH_PanelPluralMerge,svg/panel_plural_merge.svg,"03 Panels, apertures & shading",integrated
SAMAnalyticalAdjustPanels,SAMAnalytical.AdjustPanels,SAMAnalytical.AdjustPanels,SAM,Analytical,SAM.Analytical.Grasshopper,Grasshopper/SAM.Analytical.Grasshopper/Component/SAMAnalyticalAdjustPanels.cs,9f4ac540-0c21-463f-b514-fd790e0611b8,component,GH_Exposure.primary,False,SAM_GH_PanelPluralModify,panel,modify,True,,rule,,panel_plural_modify,SAM_GH_PanelPluralModify,svg/panel_plural_modify.svg,"03 Panels, apertures & shading",integrated
SAMAnalyticalAdjustRoofs,SAMAnalytical.AdjustRoofs,SAMAnalytical.AdjustRoofs,SAM,Analytical,SAM.Analytical.Grasshopper,Grasshopper/SAM.Analytical.Grasshopper/Component/SAMAnalyticalAdjustRoofs.cs,7bc23a21-2461-4704-987e-b64ae8f96d9f,component,GH_Exposure.primary,False,SAM_GH_PanelModify,panel,modify,False,,rule,,panel_modify,SAM_GH_PanelModify,svg/panel_modify.svg,"03 Panels, apertures & shading",integrated
SAMAnalyticalConvex,SAMAnalytical.Convex,SAMAnalytical.Convex,SAM,Analytical04,SAM.Analytical.Grasshopper,Grasshopper/SAM.Analytical.Grasshopper/Component/SAMAnalyticalConvex.cs,f247c8db-7af7-4e33-9f1b-8f7b96f8c0c2,component,GH_Exposure.primary,False,SAM_GH_PanelModify,panel,modify,False,,override,,panel_modify,SAM_GH_PanelModify,svg/panel_modify.svg,"03 Panels, apertures & shading",integrated
SAMAnalyticalOffsetPanel,SAMAnalytical.OffsetPanel,SAMAnalytical.OffsetPanel,SAM,Analytical02,SAM.Analytical.Grasshopper,Grasshopper/SAM.Analytical.Grasshopper/Component/SAMAnalyticalOffsetPanel.cs,3cdb04ca-d713-499c-a91e-5cd8e774f2cf,component,,False,SAM_GH_PanelOffset,panel,offset,False,,rule,,panel_offset,SAM_GH_PanelOffset,svg/panel_offset.svg,"03 Panels, apertures & shading",integrated
SAMAnalyticalRemoveInternalEdges,SAMAnalytical.RemoveInternalEdges,SAMAnalytical.RemoveInternalEdges,SAM,Analytical03,SAM.Analytical.Grasshopper,Grasshopper/SAM.Analytical.Grasshopper/Component/SAMAnalyticalRemoveInternalEdges.cs,256a2fd6-8ffb-464e-bd96-19039c13fa18,component,,False,SAM_GH_PanelRemove,panel,remove,False,,override,,panel_remove,SAM_GH_PanelRemove,svg/panel_remove.svg,"03 Panels, apertures & shading",integrated
SAMAnalyticalSetAdiabatic,SAMAnalytical.SetAdiabatic,SAMAnalytical.SetAdiabatic,SAM,Analytical03,SAM.Analytical.Grasshopper,Grasshopper/SAM.Analytical.Grasshopper/Component/SAMAnalyticalSetAdiabatic.cs,3313fee8-e786-41f7-acd1-bb12b544279c,component,,False,SAM_GH_PanelSet,panel,set,False,,override,,panel_set,SAM_GH_PanelSet,svg/panel_set.svg,"03 Panels, apertures & shading",integrated
SAMAnalyticalSetPanelType,SAMAnalytical.SetPanelType,SAMAnalytical.SetPanelType,SAM,Analytical03,SAM.Analytical.Grasshopper,Grasshopper/SAM.Analytical.Grasshopper/Component/SAMAnalyticalSetPanelType.cs,04a7a588-a3e2-4ad7-868e-d432140a5b05,component,,False,SAM_GH_PanelSet,panel,set,False,,rule,,panel_set,SAM_GH_PanelSet,svg/panel_set.svg,"03 Panels, apertures & shading",integrated
SAMAnalyticalSnapByElevations,SAMAnalytical.SnapByElevations,SAMAnalytical.SnapByElevations,SAM,Analytical03,SAM.Analytical.Grasshopper,Grasshopper/SAM.Analytical.Grasshopper/Component/SAMAnalyticalSnapByElevations.cs,ad6aa954-4861-4248-9f73-fecfff2ca796,component,,False,SAM_GH_PanelPluralSnap,panel,snap,True,,override,,panel_plural_snap,SAM_GH_PanelPluralSnap,svg/panel_plural_snap.svg,"03 Panels, apertures & shading",integrated
SAMAnalyticalSnapByLines,SAMAnalytical.SnapByLines,SAMAnalytical.SnapByLines,SAM,Analytical03,SAM.Analytical.Grasshopper,Grasshopper/SAM.Analytical.Grasshopper/Component/SAMAnalyticalSnapByLines.cs,32682bee-68b4-4de0-ab72-6b01233a9764,component,,False,SAM_GH_PanelPluralSnap,panel,snap,True,,override,,panel_plural_snap,SAM_GH_PanelPluralSnap,svg/panel_plural_snap.svg,"03 Panels, apertures & shading",integrated
SAMAnalyticalSnapByOffset,SAMAnalytical.SnapByOffset,SAMAnalytical.SnapByOffset,SAM,Analytical03,SAM.Analytical.Grasshopper,Grasshopper/SAM.Analytical.Grasshopper/Component/SAMAnalyticalSnapByOffset.cs,6a7ac292-7b25-4211-878c-5012ea4e6dff,component,,False,SAM_GH_PanelPluralSnap,panel,snap,True,,override,,panel_plural_snap,SAM_GH_PanelPluralSnap,svg/panel_plural_snap.svg,"03 Panels, apertures & shading",integrated
SAMAnalyticalSnapByPoints,SAMAnalytical.SnapByPoints,SAMAnalytical.SnapByPoints,SAM,Analytical03,SAM.Analytical.Grasshopper,Grasshopper/SAM.Analytical.Grasshopper/Component/SAMAnalyticalSnapByPoints.cs,e61f2f2e-f655-430a-9dfd-507929edef58,component,,False,SAM_GH_PanelPluralSnap,panel,snap,True,,override,,panel_plural_snap,SAM_GH_PanelPluralSnap,svg/panel_plural_snap.svg,"03 Panels, apertures & shading",integrated
SAMAnalyticalSnapByPlanes,SAMAnalytical.SnapPanelsByPlanes,SAMAnalytical.SnapPanelsByPlanes,SAM,Analytical03,SAM.Analytical.Grasshopper,Grasshopper/SAM.Analytical.Grasshopper/Component/SAMAnalyticalSnapByPlanes.cs,881e8773-1eb7-4f00-83a9-b0ca3050a58b,component,GH_Exposure.primary,False,SAM_GH_PanelPluralSnap,panel,snap,True,,rule,,panel_plural_snap,SAM_GH_PanelPluralSnap,svg/panel_plural_snap.svg,"03 Panels, apertures & shading",integrated
SAMAnalyticalSplitByInternalEdges,SAMAnalytical.SplitByInternalEdges,SAMAnalytical.SplitByInternalEdges,SAM,Analytical03,SAM.Analytical.Grasshopper,Grasshopper/SAM.Analytical.Grasshopper/Component/SAMAnalyticalSplitByInternalEdges.cs,5fea1128-e879-4d65-b1ce-8ea95efa2561,component,,False,SAM_GH_PanelSplit,panel,split,False,,override,,panel_split,SAM_GH_PanelSplit,svg/panel_split.svg,"03 Panels, apertures & shading",integrated
SAMAnalyticalSplitPanelByElevations,SAMAnalytical.SplitPanelByElevations,SAMAnalytical.SplitPanelByElevations,SAM,Analytical03,SAM.Analytical.Grasshopper,Grasshopper/SAM.Analytical.Grasshopper/Component/SAMAnalyticalSplitPanelByElevations.cs,f31eaa6a-e9a8-4e85-9513-36f21ec32c1b,component,,False,SAM_GH_PanelSplit,panel,split,False,,rule,,panel_split,SAM_GH_PanelSplit,svg/panel_split.svg,"03 Panels, apertures & shading",integrated
SAMAnalyticalSplitPanelsByElevations,SAMAnalytical.SplitPanelsByElevations,SAMAnalytical.SplitPanelsByElevations,SAM,Analytical03,SAM.Analytical.Grasshopper,Grasshopper/SAM.Analytical.Grasshopper/Component/SAMAnalyticalSplitPanelsByElevations.cs,7a63e85c-3d26-46f6-b9f3-33e9c9a9b3fc,component,,False,SAM_GH_PanelPluralSplit,panel,split,True,,rule,,panel_plural_split,SAM_GH_PanelPluralSplit,svg/panel_plural_split.svg,"03 Panels, apertures & shading",integrated
SAMAnalyticalSplitPanelsByGeometries,SAMAnalytical.SplitPanelsByGeometries,SAMAnalytical.SplitPanelsByGeometries,SAM,Analytical03,SAM.Analytical.Grasshopper,Grasshopper/SAM.Analytical.Grasshopper/Component/SAMAnalyticalSplitPanelsByGeometries.cs,3aa380c5-7eec-49c5-a999-482bbfde7ba5,component,,False,SAM_GH_PanelPluralSplit,panel,split,True,,rule,,panel_plural_split,SAM_GH_PanelPluralSplit,svg/panel_plural_split.svg,"03 Panels, apertures & shading",integrated
SAMAnalyticalSplitPanelsByPanels,SAMAnalytical.SplitPanelsByPanels,SAMAnalytical.SplitPanelsByPanels,SAM,Analytical03,SAM.Analytical.Grasshopper,Grasshopper/SAM.Analytical.Grasshopper/Component/SAMAnalyticalSplitPanelsByPanels.cs,343e89b7-f042-42c4-abf0-a09aba25e748,component,,False,SAM_GH_PanelPluralSplit,panel,split,True,,rule,,panel_plural_split,SAM_GH_PanelPluralSplit,svg/panel_plural_split.svg,"03 Panels, apertures & shading",integrated
SAMAnalyticalTrimPanels,SAMAnalytical.TrimPanels,SAMAnalytical.TrimPanels,SAM,Analytical04,SAM.Analytical.Grasshopper,Grasshopper/SAM.Analytical.Grasshopper/Component/SAMAnalyticalTrimPanels.cs,213428bf-d1a2-4bda-83f5-2df3cc4f9f63,component,GH_Exposure.primary,False,SAM_GH_PanelPluralSplit,panel,split,True,,rule,,panel_plural_split,SAM_GH_PanelPluralSplit,svg/panel_plural_split.svg,"03 Panels, apertures & shading",integrated
SAMAnalyticalMovePanel,SAMAnalytical.MovePanel,SAMAnalytical.MovePanel,SAM,Analytical02,SAM.Analytical.Grasshopper,Grasshopper/SAM.Analytical.Grasshopper/Component/SAMAnalyticalMovePanel.cs,8ea33943-ddbe-40aa-9b91-6c56b6b293d7,component,,False,SAM_GH_PanelTransform,panel,transform,False,,rule,,panel_transform,SAM_GH_PanelTransform,svg/panel_transform.svg,"03 Panels, apertures & shading",integrated
SAMAnalyticalTriangulateConcavePanels,SAMAnalytical.TriangulateConcavePanels,SAMAnalytical.TriangulateConcavePanels,SAM,Analytical04,SAM.Analytical.Grasshopper,Grasshopper/SAM.Analytical.Grasshopper/Component/SAMAnalyticalTriangulateConcavePanels.cs,5ca1e422-dc91-4cc0-8134-88a7c11ca95d,component,GH_Exposure.primary,False,SAM_GH_PanelTriangulate,panel,triangulate,False,,override,,panel_triangulate,SAM_GH_PanelTriangulate,svg/panel_triangulate.svg,"03 Panels, apertures & shading",integrated
SAMAnalyticalUpdatePanelType,SAMAdjacencyCluster.PanelTypeUpdate,SAMAdjacencyCluster.PanelTypeUpdate,SAM,Analytical04,SAM.Analytical.Grasshopper,Grasshopper/SAM.Analytical.Grasshopper/Component/SAMAnalyticalUpdatePanelTypes_Obsolete.cs,0bb56c32-57dd-4641-826c-ac41b3ee5bb2,component,GH_Exposure.tertiary | GH_Exposure.hidden,True,SAM_GH_PanelUpdate,panel,update,False,,override,,panel_update,SAM_GH_PanelUpdate,svg/panel_update.svg,"03 Panels, apertures & shading",integrated
SAMAnalyticalUpdatePanelType,SAMAdjacencyCluster.PanelTypeUpdate,SAMAdjacencyCluster.PanelTypeUpdate,SAM,Analytical,SAM.Analytical.Grasshopper,Grasshopper/SAM.Analytical.Grasshopper/Component/SAMAnalyticalUpdatePanelTypes_Obsolete.cs,4f959f64-3f13-4c6e-95d5-20bac65e9601,component,GH_Exposure.tertiary | GH_Exposure.hidden,True,SAM_GH_PanelUpdate,panel,update,False,,override,,panel_update,SAM_GH_PanelUpdate,svg/panel_update.svg,"03 Panels, apertures & shading",integrated
SAMAnalyticalMapPanels,SAMAnalytical.MapPanels,SAMAnalytical.MapPanels,SAM,Analytical02,SAM.Analytical.Grasshopper,Grasshopper/SAM.Analytical.Grasshopper/Component/SAMAnalyticalMapPanels.cs,35570dc9-5267-4ec0-b340-7ced117ffa7b,component,GH_Exposure.primary,False,SAM_GH_PanelPluralUpdate,panel,update,True,,override,,panel_plural_update,SAM_GH_PanelPluralUpdate,svg/panel_plural_update.svg,"03 Panels, apertures & shading",integrated
SAMAnalyticalUpdatePanelTypes,SAMAnalytical.UpdatePanelTypes,SAMAnalytical.UpdatePanelTypes,SAM,Analytical04,SAM.Analytical.Grasshopper,Grasshopper/SAM.Analytical.Grasshopper/Component/SAMAnalyticalUpdatePanelTypes.cs,82057af9-a504-400e-a5a1-7e373105e110,component,GH_Exposure.primary,False,SAM_GH_PanelPluralUpdate,panel,update,True,,rule,,panel_plural_update,SAM_GH_PanelPluralUpdate,svg/panel_plural_update.svg,"03 Panels, apertures & shading",integrated
SAMAnalyticalHostPartitionCategory,SAMAnalytical.HostPartitionCategory,SAMAnalytical.HostPartitionCategory,SAM,Analytical,SAM.Analytical.Grasshopper,Grasshopper/SAM.Analytical.Grasshopper/Component/New/SAMAnalyticalHostPartitionCategory.cs,42dce4ad-8eba-4808-b24f-00c85540d052,component,GH_Exposure.hidden,True,SAM_GH_PanelValue,panel,value,False,,override,,panel_value,SAM_GH_PanelValue,svg/panel_value.svg,"03 Panels, apertures & shading",integrated
SAMAnalyticalPanelGroup,SAMAnalytical.PanelGroup,SAMAnalytical.PanelGroup,SAM,Analytical02,SAM.Analytical.Grasshopper,Grasshopper/SAM.Analytical.Grasshopper/Component/SAMAnalyticalPanelGroup.cs,ba1f2b22-7dc6-4dec-84c0-4027998b9683,component,,False,SAM_GH_PanelValue,panel,value,False,,override,,panel_value,SAM_GH_PanelValue,svg/panel_value.svg,"03 Panels, apertures & shading",integrated
SAMAnalyticalPanelType,SAMAnalytical.PanelType,SAMAnalytical.PanelType,SAM,Analytical03,SAM.Analytical.Grasshopper,Grasshopper/SAM.Analytical.Grasshopper/Component/SAMAnalyticalPanelType.cs,25a6b405-19ab-4ff1-9666-7760997ccfdd,component,,False,SAM_GH_PanelValue,panel,value,False,,override,,panel_value,SAM_GH_PanelValue,svg/panel_value.svg,"03 Panels, apertures & shading",integrated
SAMAnalyticalAddFeatureShade,SAMAnalytical.AddFeatureShade,SAMAnalytical.AddFeatureShade,SAM,Analytical,SAM.Analytical.Grasshopper,Grasshopper/SAM.Analytical.Grasshopper/Component/SAMAnalyticalAddFeatureShade.cs,19b85b9c-ec97-4a14-9c79-c9f9ce76d3df,component,GH_Exposure.primary,False,SAM_Small,shade,add,False,,override,,shade_add,SAM_GH_ShadeAdd,svg/shade_add.svg,"03 Panels, apertures & shading",integrated
SAMAnalyticalCreateFeatureShade,SAMAnalytical.CreateFeatureShade,SAMAnalytical.CreateFeatureShade,SAM,Analytical,SAM.Analytical.Grasshopper,Grasshopper/SAM.Analytical.Grasshopper/Component/SAMAnalyticalCreateFeatureShade.cs,1cc59b32-082e-4967-b05c-b992cd3239d2,component,GH_Exposure.primary,False,SAM_Small,shade,create,False,,override,,shade_create,SAM_GH_ShadeCreate,svg/shade_create.svg,"03 Panels, apertures & shading",integrated
SAMAnalyticalCreateShade,SAMAnalytical.CreateShade,SAMAnalytical.CreateShade,SAM,Analytical,SAM.Analytical.Grasshopper,Grasshopper/SAM.Analytical.Grasshopper/Component/SAMAnalyticalCreateShade.cs,8d2653c4-bef7-4f12-8180-5e057a3cc8d1,component,GH_Exposure.primary,False,SAM_GH_ShadeCreate,shade,create,False,,override,,shade_create,SAM_GH_ShadeCreate,svg/shade_create.svg,"03 Panels, apertures & shading",integrated
SAMAnalyticalCreateShadeByFeatureShade,SAMAnalytical.CreateShadeByFeatureShade,SAMAnalytical.CreateShadeByFeatureShade,SAM,Analytical,SAM.Analytical.Grasshopper,Grasshopper/SAM.Analytical.Grasshopper/Component/SAMAnalyticalCreateShadeByFeatureShade.cs,f01ff376-ffc0-46d3-93ed-22ce7a49b001,component,GH_Exposure.primary,False,SAM_GH_ShadeCreate,shade,create,False,,override,,shade_create,SAM_GH_ShadeCreate,svg/shade_create.svg,"03 Panels, apertures & shading",integrated
SAMAnalyticalCalculateGlazingValueByConstruction,SAMAnalytical.CalculateGlazingValueByConstruction,SAMAnalytical.CalculateGlazingValueByConstruction,SAM WIP,Tas,SAM.Analytical.Grasshopper,Grasshopper/SAM.Analytical.Grasshopper/Component/SAMAnalyticalCalculateGlazingValueByConstruction.cs,c3a1cf98-6c02-4e44-b2fc-14172ffa9043,component,GH_Exposure.tertiary,False,SAM_GH_ApertureConstructionCalculate,apertureConstruction,calculate,False,,override,,apertureConstruction_calculate,SAM_GH_ApertureConstructionCalculate,svg/apertureConstruction_calculate.svg,04 Constructions & materials,integrated
SAMAnalyticalCopyApertureConstructionLayers,SAMAnalytical.CopyApertureConstructionLayers,SAMAnalytical.CopyApertureConstructionLayers,SAM,Analytical,SAM.Analytical.Grasshopper,Grasshopper/SAM.Analytical.Grasshopper/Component/SAMAnalyticalCopyApertureConstructionLayers.cs,c256bbf9-d8a5-44b0-a54c-08a0a5f1f363,component,,False,SAM_GH_ApertureConstructionCopy,apertureConstruction,copy,False,,override,,apertureConstruction_copy,SAM_GH_ApertureConstructionCopy,svg/apertureConstruction_copy.svg,04 Constructions & materials,integrated
SAMAnalyticalCreateApertureConstruction,SAMAnalytical.CreateApertureConstruction,SAMAnalytical.CreateApertureConstruction,SAM,Analytical,SAM.Analytical.Grasshopper,Grasshopper/SAM.Analytical.Grasshopper/Component/SAMAnalyticalCreateApertureConstruction.cs,92dadf21-4b38-4f76-8e24-3de677eaeb1a,component,,False,SAM_GH_ApertureConstructionCreate,apertureConstruction,create,False,,rule,,apertureConstruction_create,SAM_GH_ApertureConstructionCreate,svg/apertureConstruction_create.svg,04 Constructions & materials,integrated
SAMAnalyticalCreateApertureConstructionByAperture,SAMAnalytical.CreateApertureConstructionByAperture,SAMAnalytical.CreateApertureConstructionByAperture,SAM,Analytical04,SAM.Analytical.Grasshopper,Grasshopper/SAM.Analytical.Grasshopper/Component/SAMAnalyticalCreateApertureConstructionByAperture.cs,375358ae-a574-42bb-99c7-93797da534e8,component,,False,SAM_GH_ApertureConstructionCreate,apertureConstruction,create,False,,rule,,apertureConstruction_create,SAM_GH_ApertureConstructionCreate,svg/apertureConstruction_create.svg,04 Constructions & materials,integrated
SAMAnalyticalCreateApertureConstructionLibrary,SAMAnalytical.CreateApertureConstructionLibrary,SAMAnalytical.CreateApertureConstructionLibrary,SAM,Analytical,SAM.Analytical.Grasshopper,Grasshopper/SAM.Analytical.Grasshopper/Component/SAMAnalyticalCreateApertureConstructionLibrary.cs,e8b9f4e1-da46-4ab4-b5fe-47bfd842ee5c,component,,False,SAM_GH_ApertureConstructionLibraryCreate,apertureConstruction,create,False,library,rule,,apertureConstruction_library_create,SAM_GH_ApertureConstructionLibraryCreate,svg/apertureConstruction_library_create.svg,04 Constructions & materials,integrated
SAMAnalyticalApertureConstructions,SAMAnalytical.ApertureConstructions,SAMAnalytical.ApertureConstructions,SAM,Analytical,SAM.Analytical.Grasshopper,Grasshopper/SAM.Analytical.Grasshopper/Component/SAMAnalyticalApertureConstructions.cs,e379534a-795e-46b7-a160-41c13cd6a7f7,component,,False,SAM_GH_ApertureConstructionPluralGet,apertureConstruction,get,True,,override,,apertureConstruction_plural_get,SAM_GH_ApertureConstructionPluralGet,svg/apertureConstruction_plural_get.svg,04 Constructions & materials,integrated
SAMAnalyticalGetDefaultApertureConstructionLibrary,SAMAnalytical.GetDefaultApertureConstructionLibrary,SAMAnalytical.GetDefaultApertureConstructionLibrary,SAM,Analytical01,SAM.Analytical.Grasshopper,Grasshopper/SAM.Analytical.Grasshopper/Component/SAMAnalyticalGetDefaultApertureConstructionLibrary.cs,0a8004b8-0ac5-4e8e-a4fe-cd354d51fda2,component,GH_Exposure.tertiary | GH_Exposure.obscure,False,SAM_GH_ApertureConstructionLibraryGet,apertureConstruction,get,False,library,rule,,apertureConstruction_library_get,SAM_GH_ApertureConstructionLibraryGet,svg/apertureConstruction_library_get.svg,04 Constructions & materials,integrated
SAMAnalyticalGetDefaultApertureConstructions,SAMAnalytical.GetDefaultApertureConstructions,SAMAnalytical.GetDefaultApertureConstructions,SAM,Analytical01,SAM.Analytical.Grasshopper,Grasshopper/SAM.Analytical.Grasshopper/Component/SAMAnalyticalGetDefaultApertureConstructions.cs,83e42fe9-79ff-4011-a3b0-3a7f69dabad5,component,,False,SAM_GH_ApertureConstructionPluralGet,apertureConstruction,get,True,,rule,,apertureConstruction_plural_get,SAM_GH_ApertureConstructionPluralGet,svg/apertureConstruction_plural_get.svg,04 Constructions & materials,integrated
SAMAnalyticalSetDefaultApertureConstruction,SAMAdjacencyCluster.SetDefaultApertureConstruction,SAMAdjacencyCluster.SetDefaultApertureConstruction,SAM,Analytical03,SAM.Analytical.Grasshopper,Grasshopper/SAM.Analytical.Grasshopper/Component/SAMAnalyticalSetDefaultApertureConstruction.cs,cfd55819-fce2-41f4-8d6f-f71fdab66582,component,GH_Exposure.primary,False,SAM_GH_ApertureConstructionSet,apertureConstruction,set,False,,rule,,apertureConstruction_set,SAM_GH_ApertureConstructionSet,svg/apertureConstruction_set.svg,04 Constructions & materials,integrated
SAMAnalyticalSetDefaultApertureConstructionLayers,SAMAdjacencyCluster.SetDefaultApertureConstructionLayers,SAMAdjacencyCluster.SetDefaultApertureConstructionLayers,SAM,Analytical03,SAM.Analytical.Grasshopper,Grasshopper/SAM.Analytical.Grasshopper/Component/SAMAnalyticalSetDefaultApertureConstructionLayers.cs,30a2eeb9-fdbd-4531-b517-af30fb012a07,component,GH_Exposure.primary,False,SAM_GH_ApertureConstructionSet,apertureConstruction,set,False,,override,,apertureConstruction_set,SAM_GH_ApertureConstructionSet,svg/apertureConstruction_set.svg,04 Constructions & materials,integrated
SAMAnalyticalSetApertureConstruction,SAMAnalytical.SetApertureConstruction,SAMAnalytical.SetApertureConstruction,SAM,Analytical03,SAM.Analytical.Grasshopper,Grasshopper/SAM.Analytical.Grasshopper/Component/SAMAnalyticalSetApertureConstruction.cs,c75e9a22-5c7e-4d9c-9a64-6a0eb39ef2d9,component,,False,SAM_GH_ApertureConstructionSet,apertureConstruction,set,False,,rule,,apertureConstruction_set,SAM_GH_ApertureConstructionSet,svg/apertureConstruction_set.svg,04 Constructions & materials,integrated
SAMAnalyticalSetApertureConstructionByAnalyticalModel,SAMAnalytical.SetApertureConstructionByAnalyticalModel,SAMAnalytical.SetApertureConstructionByAnalyticalModel,SAM,Analytical03,SAM.Analytical.Grasshopper,Grasshopper/SAM.Analytical.Grasshopper/Component/SAMAnalyticalSetApertureConstructionByAnalyticalModel.cs,63fd1e81-4ada-4539-920e-ff2ca49c0991,component,GH_Exposure.primary,False,SAM_GH_ApertureConstructionSet,apertureConstruction,set,False,,rule,,apertureConstruction_set,SAM_GH_ApertureConstructionSet,svg/apertureConstruction_set.svg,04 Constructions & materials,integrated
SAMAnalyticalUpdateApertureConstruction,SAMAnalytical.UpdateApertureConstruction,SAMAnalytical.UpdateApertureConstruction,SAM,Analytical04,SAM.Analytical.Grasshopper,Grasshopper/SAM.Analytical.Grasshopper/Component/SAMAnalyticalUpdateApertureConstruction.cs,6524a7b9-2066-4d36-9c43-5bcb1e1e7428,component,,False,SAM_GH_ApertureConstructionUpdate,apertureConstruction,update,False,,rule,,apertureConstruction_update,SAM_GH_ApertureConstructionUpdate,svg/apertureConstruction_update.svg,04 Constructions & materials,integrated
SAMAnalyticalUpdateApertureConstructionsByName,SAMAnalytical.UpdateApertureConstructionsByName,SAMAnalytical.UpdateApertureConstructionsByName,SAM,Analytical04,SAM.Analytical.Grasshopper,Grasshopper/SAM.Analytical.Grasshopper/Component/SAMAnalyticalUpdateApertureConstructionsByName.cs,d991aa5c-e7d5-4dc0-b888-c0e102a1a7a4,component,,False,SAM_GH_ApertureConstructionPluralUpdate,apertureConstruction,update,True,,rule,,apertureConstruction_plural_update,SAM_GH_ApertureConstructionPluralUpdate,svg/apertureConstruction_plural_update.svg,04 Constructions & materials,integrated
SAMAnalyticalUpdateApertureConstructionsByPanelType,SAMAnalytical.UpdateApertureConstructionsByPanelType,SAMAnalytical.UpdateApertureConstructionsByPanelType,SAM,Analytical04,SAM.Analytical.Grasshopper,Grasshopper/SAM.Analytical.Grasshopper/Component/SAMAnalyticalUpdateApertureConstructionsByPanelType.cs,9222f35d-aac3-4812-933b-d2f65194d54d,component,,False,SAM_GH_ApertureConstructionPluralUpdate,apertureConstruction,update,True,,rule,,apertureConstruction_plural_update,SAM_GH_ApertureConstructionPluralUpdate,svg/apertureConstruction_plural_update.svg,04 Constructions & materials,integrated
SAMAnalyticalDuplicateConstructionByPanelType,SAMAdjacencyCluster.DuplicateConstructionByPanelType,SAMAdjacencyCluster.DuplicateConstructionByPanelType,SAM,Analytical01,SAM.Analytical.Grasshopper,Grasshopper/SAM.Analytical.Grasshopper/Component/SAMAnalyticalDuplicateConstructionByPanelType.cs,26bb4c4f-4de5-43d8-966c-0b1d479905b7,component,GH_Exposure.primary,False,SAM_GH_ConstructionCopy,construction,copy,False,,override,,construction_copy,SAM_GH_ConstructionCopy,svg/construction_copy.svg,04 Constructions & materials,integrated
SAMAnalyticalCreateConstruction,SAMAnalytical.CreateConstruction,SAMAnalyticalCreate.Construction,SAM,Analytical,SAM.Analytical.Grasshopper,Grasshopper/SAM.Analytical.Grasshopper/Component/SAMAnalyticalCreateConstruction.cs,75ebc676-3401-481c-90e5-8f767b8b215b,component,,False,SAM_GH_ConstructionCreate,construction,create,False,,rule,,construction_create,SAM_GH_ConstructionCreate,svg/construction_create.svg,04 Constructions & materials,integrated
SAMAnalyticalCreateConstructionLibrary,SAMAnalytical.CreateConstructionLibrary,SAMAnalytical.CreateConstructionLibrary,SAM,Analytical,SAM.Analytical.Grasshopper,Grasshopper/SAM.Analytical.Grasshopper/Component/SAMAnalyticalCreateConstructionLibrary.cs,0f7c26aa-01f6-4791-a8a5-20252643d85b,component,,False,SAM_GH_ConstructionLibraryCreate,construction,create,False,library,rule,,construction_library_create,SAM_GH_ConstructionLibraryCreate,svg/construction_library_create.svg,04 Constructions & materials,integrated
SAMAnalyticalCreateHostPartitionType,SAMAnalytical.CreateHostPartitionType,SAMAnalytical.CreateHostPartitionType,SAM,Analytical,SAM.Analytical.Grasshopper,Grasshopper/SAM.Analytical.Grasshopper/Component/New/SAMAnalyticalCreateHostPartitionType.cs,0e389d23-0ec7-4da9-a554-1f6d965fc9e9,component,GH_Exposure.hidden,True,SAM_GH_ConstructionCreate,construction,create,False,,override,,construction_create,SAM_GH_ConstructionCreate,svg/construction_create.svg,04 Constructions & materials,integrated
SAMAnalyticalGetDefaultConstructionLibrary,SAMAnalytical.GetDefaultConstructionLibrary,SAMAnalytical.GetDefaultConstructionLibrary,SAM,Analytical01,SAM.Analytical.Grasshopper,Grasshopper/SAM.Analytical.Grasshopper/Component/SAMAnalyticalGetDefaultConstructionLibrary.cs,ffc506c0-073c-48d4-880f-2c9c2b5d0041,component,GH_Exposure.tertiary | GH_Exposure.obscure,False,SAM_GH_ConstructionLibraryGet,construction,get,False,library,rule,,construction_library_get,SAM_GH_ConstructionLibraryGet,svg/construction_library_get.svg,04 Constructions & materials,integrated
SAMAnalyticalGetDefaultConstructions,SAMAnalytical.GetDefaultConstructions,SAMAnalytical.GetDefaultConstructions,SAM,Analytical01,SAM.Analytical.Grasshopper,Grasshopper/SAM.Analytical.Grasshopper/Component/SAMAnalyticalGetDefaultConstructions.cs,ef93bf07-c910-4bbf-b76c-53b028640ac7,component,,False,SAM_GH_ConstructionPluralGet,construction,get,True,,rule,,construction_plural_get,SAM_GH_ConstructionPluralGet,svg/construction_plural_get.svg,04 Constructions & materials,integrated
SAMAnalyticalRenameConstruction,SAMAnalytical.RenameConstruction,SAMAnalytical.RenameConstruction,SAM,Analytical03,SAM.Analytical.Grasshopper,Grasshopper/SAM.Analytical.Grasshopper/Component/SAMAnalyticalRenameConstruction.cs,18ab7736-4ba8-43ef-9be3-54d2fbc8bfbd,component,,False,SAM_GH_ConstructionModify,construction,modify,False,,override,,construction_modify,SAM_GH_ConstructionModify,svg/construction_modify.svg,04 Constructions & materials,integrated
SAMAnalyticalSetConstruction,SAMAnalytical.SetConstruction,SAMAnalytical.SetConstruction,SAM,Analytical03,SAM.Analytical.Grasshopper,Grasshopper/SAM.Analytical.Grasshopper/Component/SAMAnalyticalSetConstruction.cs,5442e313-bf9f-4292-a740-232f01c182a3,component,GH_Exposure.primary,False,SAM_GH_ConstructionSet,construction,set,False,,rule,,construction_set,SAM_GH_ConstructionSet,svg/construction_set.svg,04 Constructions & materials,integrated
SAMAnalyticalSetConstructionByCsv,SAMAnalytical.SetConstructionByCsv,SAMAnalytical.SetConstructionByCsv,SAM,Analytical03,SAM.Analytical.Grasshopper,Grasshopper/SAM.Analytical.Grasshopper/Component/SAMAnalyticalSetConstructionByCsv.cs,5803c0d0-3504-4aac-8c6f-d050e360da70,component,,False,SAM_GH_ConstructionSet,construction,set,False,,rule,,construction_set,SAM_GH_ConstructionSet,svg/construction_set.svg,04 Constructions & materials,integrated
SAMAnalyticalSetDefaultConstructionByPanelType,SAMAnalytical.SetDefaultConstructionByPanelType,SAMAnalytical.SetDefaultConstructionByPanelType,SAM,Analytical03,SAM.Analytical.Grasshopper,Grasshopper/SAM.Analytical.Grasshopper/Component/SAMAnalyticalSetDefaultConstructionByPanelType.cs,13cbb8e1-2ae8-4433-90a3-db0a110f2c4f,component,GH_Exposure.primary,False,SAM_GH_ConstructionSet,construction,set,False,,rule,,construction_set,SAM_GH_ConstructionSet,svg/construction_set.svg,04 Constructions & materials,integrated
SAMAnalyticalUpdateConstructionsByConstructionManager,SAMAnalytical.UpdateConstructionsByConstructionManager,SAMAnalytical.UpdateConstructionsByConstructionManager,SAM,Analytical04,SAM.Analytical.Grasshopper,Grasshopper/SAM.Analytical.Grasshopper/Component/SAMAnalyticalUpdateConstructionsByConstructionManager.cs,78087563-16b7-45af-ba02-f426fb4c8875,component,GH_Exposure.tertiary,False,SAM_GH_ConstructionPluralUpdate,construction,update,True,,rule,,construction_plural_update,SAM_GH_ConstructionPluralUpdate,svg/construction_plural_update.svg,04 Constructions & materials,integrated
SAMAnalyticalUpdateConstructionsByConstructionManagerAndPanels,SAMAnalytical.UpdateConstructionsByConstructionManagerAndPanels,SAMAnalytical.UpdateConstructionsByConstructionManagerAndPanels,SAM,Analytical04,SAM.Analytical.Grasshopper,Grasshopper/SAM.Analytical.Grasshopper/Component/SAMAnalyticalUpdateConstructionsByConstructionManagerAndPanels.cs,b5a4f281-9157-4d7f-98e6-635bfc3cd8ad,component,GH_Exposure.tertiary,False,SAM_GH_ConstructionPluralUpdate,construction,update,True,,rule,,construction_plural_update,SAM_GH_ConstructionPluralUpdate,svg/construction_plural_update.svg,04 Constructions & materials,integrated
SAMAnalyticalUpdateConstructionsByMap,SAMAnalytical.UpdateConstructionsByMap,SAMAnalytical.UpdateConstructionsByMap,SAM,Analytical04,SAM.Analytical.Grasshopper,Grasshopper/SAM.Analytical.Grasshopper/Component/SAMAnalyticalUpdateConstructionsByMap.cs,cfbea99b-9a95-4ac7-ac9e-c3d5b2d850c1,component,,False,SAM_GH_ConstructionPluralUpdate,construction,update,True,,rule,,construction_plural_update,SAM_GH_ConstructionPluralUpdate,svg/construction_plural_update.svg,04 Constructions & materials,integrated
SAMAnalyticalUpdateConstructionsByName,SAMAnalytical.UpdateConstructionsByName,SAMAnalytical.UpdateConstructionsByName,SAM,Analytical04,SAM.Analytical.Grasshopper,Grasshopper/SAM.Analytical.Grasshopper/Component/SAMAnalyticalUpdateConstructionsByName.cs,5eeb322f-1b0c-48f2-9a8b-2c06a4ac2aa9,component,,False,SAM_GH_ConstructionPluralUpdate,construction,update,True,,rule,,construction_plural_update,SAM_GH_ConstructionPluralUpdate,svg/construction_plural_update.svg,04 Constructions & materials,integrated
SAMAnalyticalUpdateConstructionsByPanelType,SAMAnalytical.UpdateConstructionsByPanelType,SAMAnalytical.UpdateConstructionsByPanelType,SAM,Analytical04,SAM.Analytical.Grasshopper,Grasshopper/SAM.Analytical.Grasshopper/Component/SAMAnalyticalUpdateConstructionsByPanelType.cs,aeb4f3d7-6f35-4107-9e31-3edc53aa6d47,component,GH_Exposure.tertiary,False,SAM_GH_ConstructionPluralUpdate,construction,update,True,,rule,,construction_plural_update,SAM_GH_ConstructionPluralUpdate,svg/construction_plural_update.svg,04 Constructions & materials,integrated
SAMAnalyticalUpdateConstructionsByPanels,SAMAnalytical.UpdateConstructionsByPanels,SAMAnalytical.UpdateConstructionsByPanels,SAM,Analytical04,SAM.Analytical.Grasshopper,Grasshopper/SAM.Analytical.Grasshopper/Component/SAMAnalyticalUpdateConstructionsByPanels.cs,3864660c-caab-4a1a-a88b-b1cfab93df4e,component,GH_Exposure.primary,False,SAM_GH_ConstructionPluralUpdate,construction,update,True,,rule,,construction_plural_update,SAM_GH_ConstructionPluralUpdate,svg/construction_plural_update.svg,04 Constructions & materials,integrated
SAMAnalyticalUpdateHostPartitionType,SAMAnalytical.UpdateHostPartitionType,SAMAnalytical.UpdateHostPartitionType,SAM,Analytical,SAM.Analytical.Grasshopper,Grasshopper/SAM.Analytical.Grasshopper/Component/New/SAMAnalyticalUpdateHostPartitionType.cs,d57f6a6d-14f3-4b1a-a220-9188e00f4eb5,component,GH_Exposure.hidden,True,SAM_GH_ConstructionUpdate,construction,update,False,,override,,construction_update,SAM_GH_ConstructionUpdate,svg/construction_update.svg,04 Constructions & materials,integrated
SAMAnalyticalCopyConstructionLayers,SAMAnalytical.CopyConstructionLayers,SAMAnalytical.CopyConstructionLayers,SAM,Analytical,SAM.Analytical.Grasshopper,Grasshopper/SAM.Analytical.Grasshopper/Component/SAMAnalyticalCopyConstructionLayers.cs,b232512a-0767-4b7e-81c7-e9a4eca955be,component,,False,SAM_GH_ConstructionLayerPluralCopy,constructionLayer,copy,True,,override,,constructionLayer_plural_copy,SAM_GH_ConstructionLayerPluralCopy,svg/constructionLayer_plural_copy.svg,04 Constructions & materials,integrated
SAMAnalyticalCreateConstructionLayersByMaterials,SAMAnalytical.CreateConstructionLayersByMaterials,SAMAnalyticalCreate.ConstructionLayersByMaterials,SAM,Analytical,SAM.Analytical.Grasshopper,Grasshopper/SAM.Analytical.Grasshopper/Component/SAMAnalyticalCreateConstructionLayersByMaterials.cs,0ca969d3-3ad0-4d76-bd56-320be96df64b,component,,False,SAM_GH_ConstructionLayerPluralCreate,constructionLayer,create,True,,override,,constructionLayer_plural_create,SAM_GH_ConstructionLayerPluralCreate,svg/constructionLayer_plural_create.svg,04 Constructions & materials,integrated
SAMAnalyticalCreateConstructionLayersByNames,SAMAnalytical.CreateConstructionLayersByNames,SAMAnalyticalCreate.ConstructionLayersByNames,SAM,Analytical,SAM.Analytical.Grasshopper,Grasshopper/SAM.Analytical.Grasshopper/Component/SAMAnalyticalCreateConstructionLayersByNames.cs,53f53e15-d92b-4515-b94d-0fa6fed4a785,component,,False,SAM_GH_ConstructionLayerPluralCreate,constructionLayer,create,True,,override,,constructionLayer_plural_create,SAM_GH_ConstructionLayerPluralCreate,svg/constructionLayer_plural_create.svg,04 Constructions & materials,integrated
SAMAnalyticalGetInternalConstructionLayers,SAMAnalytical.GetInternalConstructionLayers,SAMAnalytical.GetInternalConstructionLayers,SAM,Analytical02,SAM.Analytical.Grasshopper,Grasshopper/SAM.Analytical.Grasshopper/Component/SAMAnalyticalGetInternalConstructionLayers.cs,c5573e0e-a3ce-4f38-9992-9d8f80a924af,component,,False,SAM_GH_ConstructionLayerPluralGet,constructionLayer,get,True,,override,,constructionLayer_plural_get,SAM_GH_ConstructionLayerPluralGet,svg/constructionLayer_plural_get.svg,04 Constructions & materials,integrated
SAMAnalyticalSetConstructionLayersByPanelType,SAMAnalytical.SetConstructionLayersByPanelType,SAMAnalytical.SetConstructionLayersByPanelType,SAM,Analytical03,SAM.Analytical.Grasshopper,Grasshopper/SAM.Analytical.Grasshopper/Component/SAMAnalyticalSetConstructionLayersByPanelType.cs,95372c36-3130-4c0c-9ccc-4f2254191cd7,component,,False,SAM_GH_ConstructionLayerPluralSet,constructionLayer,set,True,,override,,constructionLayer_plural_set,SAM_GH_ConstructionLayerPluralSet,svg/constructionLayer_plural_set.svg,04 Constructions & materials,integrated
SAMAnalyticalSetDefaultConstructionLayerByPanelType,SAMAnalytical.SetDefaultConstructionLayerByPanelType,SAMAnalytical.SetDefaultConstructionLayerByPanelType,SAM,Analytical03,SAM.Analytical.Grasshopper,Grasshopper/SAM.Analytical.Grasshopper/Component/SAMAnalyticalSetDefaultConstructionLayerByPanelType.cs,b9d64015-afb2-4ce5-a402-c3ad58a4e44d,component,GH_Exposure.primary,False,SAM_GH_ConstructionLayerSet,constructionLayer,set,False,,override,,constructionLayer_set,SAM_GH_ConstructionLayerSet,svg/constructionLayer_set.svg,04 Constructions & materials,integrated
SAMAnalyticalCreateConstructionManager,SAMAnalytical.CreateConstructionManager,SAMAnalytical.CreateConstructionManager,SAM,Analytical,SAM.Analytical.Grasshopper,Grasshopper/SAM.Analytical.Grasshopper/Component/SAMAnalyticalCreateConstructionManager.cs,5f5255d2-a9d4-4a3f-b3ba-762ff6c09825,component,GH_Exposure.primary,False,SAM_GH_ConstructionManagerCreate,constructionManager,create,False,,rule,,constructionManager_create,SAM_GH_ConstructionManagerCreate,svg/constructionManager_create.svg,04 Constructions & materials,integrated
SAMAnalyticalCreateConstructionManagerByPanelAperture,SAMAnalytical.CreateConstructionManagerByPanelAperture,SAMAnalyticalCreate.CreateConstructionManagerByPanelAperture,SAM,Analytical,SAM.Analytical.Grasshopper,Grasshopper/SAM.Analytical.Grasshopper/Component/SAMAnalyticalCreateConstructionManagerByPanelAperture.cs,adc6afa1-e5e6-4c1b-98eb-2218d271f9ca,component,,False,SAM_GH_ConstructionManagerCreate,constructionManager,create,False,,rule,,constructionManager_create,SAM_GH_ConstructionManagerCreate,svg/constructionManager_create.svg,04 Constructions & materials,integrated
SAMAnalyticalCreateConstructionManagerByPanelType,SAMAnalytical.CreateConstructionManagerByPanelType,SAMAnalytical.CreateConstructionManagerByPanelType,SAM,Analytical,SAM.Analytical.Grasshopper,Grasshopper/SAM.Analytical.Grasshopper/Component/SAMAnalyticalCreateConstructionManagerByPanelType.cs,eed6793b-0425-4bba-ae17-6ae86d01e0d0,component,GH_Exposure.primary,False,SAM_GH_ConstructionManagerCreate,constructionManager,create,False,,rule,,constructionManager_create,SAM_GH_ConstructionManagerCreate,svg/constructionManager_create.svg,04 Constructions & materials,integrated
SAMAnalyticalDefaultConstructionManager,SAMAnalytical.DefaultConstructionManager,SAMAnalytical.DefaultConstructionManager,SAM,Analytical01,SAM.Analytical.Grasshopper,Grasshopper/SAM.Analytical.Grasshopper/Component/SAMAnalyticalDefaultConstructionManager.cs,ffff49db-d966-4f1c-83ae-970b6e1f45ec,component,GH_Exposure.primary,False,SAM_GH_ConstructionManagerGet,constructionManager,get,False,,override,,constructionManager_get,SAM_GH_ConstructionManagerGet,svg/constructionManager_get.svg,04 Constructions & materials,integrated
SAMAnalyticalRemoveFromConstructionManager,SAMAnalytical.RemoveFromConstructionManager,SAMAnalytical.RemoveFromConstructionManager,SAM,Analytical03,SAM.Analytical.Grasshopper,Grasshopper/SAM.Analytical.Grasshopper/Component/SAMAnalyticalRemoveFromConstructionManager.cs,64209b3d-94ca-46e3-b4b8-b8b141a7a149,component,GH_Exposure.primary,False,SAM_GH_ConstructionManagerRemove,constructionManager,remove,False,,override,,constructionManager_remove,SAM_GH_ConstructionManagerRemove,svg/constructionManager_remove.svg,04 Constructions & materials,integrated
SAMAnalyticalUpdateConstructionManager,SAMAnalytical.UpdateConstructionManager,SAMAnalytical.UpdateConstructionManager,SAM,Analytical04,SAM.Analytical.Grasshopper,Grasshopper/SAM.Analytical.Grasshopper/Component/SAMAnalyticalUpdateConstructionManager.cs,1143b387-a269-4429-beef-94a58cfb459f,component,GH_Exposure.primary,False,SAM_GH_ConstructionManagerUpdate,constructionManager,update,False,,rule,,constructionManager_update,SAM_GH_ConstructionManagerUpdate,svg/constructionManager_update.svg,04 Constructions & materials,integrated
SAMAnalyticalCreateGasMaterial,SAMAnalytical.CreateGasMaterial,SAMAnalytical.CreateGasMaterial,SAM,Analytical,SAM.Analytical.Grasshopper,Grasshopper/SAM.Analytical.Grasshopper/Component/SAMAnalyticalCreateGasMaterial.cs,203557a9-8d87-4c30-8d58-71f64cb02bf6,component,,False,SAM_GH_GasMaterialCreate,gasMaterial,create,False,,rule,,gasMaterial_create,SAM_GH_GasMaterialCreate,svg/gasMaterial_create.svg,04 Constructions & materials,integrated
SAMCoreCreateGasMaterial,SAMCore.CreateGasMaterial,SAMCore.CreateGasMaterial,SAM,Core,SAM.Core.Grasshopper,Grasshopper/SAM.Core.Grasshopper/Component/SAMCoreCreateGasMaterial_Obsolete.cs,f5d634b2-3ac9-48fc-b6a8-51a5154c0e5d,component,GH_Exposure.hidden,True,SAM_GH_GasMaterialCreate,gasMaterial,create,False,,rule,,gasMaterial_create,SAM_GH_GasMaterialCreate,svg/gasMaterial_create.svg,04 Constructions & materials,integrated
SAMAnalyticalGetDefaultGasMaterials,SAMAnalytical.GetDefaultGasMaterials,SAMAnalytical.GetDefaultGasMaterials,SAM,Analytical01,SAM.Analytical.Grasshopper,Grasshopper/SAM.Analytical.Grasshopper/Component/SAMAnalyticalGetDefaultGasMaterials.cs,bac6bca1-8fae-4cd5-b8c5-df360b3dda35,component,,False,SAM_GH_GasMaterialPluralGet,gasMaterial,get,True,,override,,gasMaterial_plural_get,SAM_GH_GasMaterialPluralGet,svg/gasMaterial_plural_get.svg,04 Constructions & materials,integrated
SAMAnalyticalDefaultGasType,SAMAnalytical.DefaultGasType,SAMAnalytical.DefaultGasType,SAM,Analytical01,SAM.Analytical.Grasshopper,Grasshopper/SAM.Analytical.Grasshopper/Component/SAMAnalyticalDefaultGasType.cs,99222429-db00-40d4-a021-783eea84ce0b,component,,False,SAM_GH_GasMaterialValue,gasMaterial,value,False,,override,,gasMaterial_value,SAM_GH_GasMaterialValue,svg/gasMaterial_value.svg,04 Constructions & materials,integrated
SAMAnalyticalAddMaterials,SAMAnalytical.AddMaterials,SAMAnalytical.AddMaterials,SAM,Analytical,SAM.Analytical.Grasshopper,Grasshopper/SAM.Analytical.Grasshopper/Component/SAMAnalyticalAddMaterials.cs,81554ea9-8792-4421-91ab-5b3f312aaf30,component,,False,SAM_GH_MaterialLibraryAdd,material,add,False,library,override,,material_library_add,SAM_GH_MaterialLibraryAdd,svg/material_library_add.svg,04 Constructions & materials,integrated
SAMAddMissingMaterials,SAMAnalytical.AddMissingMaterials,SAMAnalytical.AddMissingMaterials,SAM,Analytical,SAM.Analytical.Grasshopper,Grasshopper/SAM.Analytical.Grasshopper/Component/SAMAnalyticalAddMissingMaterials.cs,cbf81c43-d664-4fe9-9383-5df30e523248,component,GH_Exposure.primary,False,SAM_GH_MaterialLibraryAdd,material,add,False,library,override,,material_library_add,SAM_GH_MaterialLibraryAdd,svg/material_library_add.svg,04 Constructions & materials,integrated
SAMCoreAddMaterials,SAMCore.AddMaterials,SAMCore.AddMaterials,SAM,Core,SAM.Core.Grasshopper,Grasshopper/SAM.Core.Grasshopper/Component/SAMCoreAddMaterials.cs,9e82ec78-e5fb-4843-b334-f62fa2fd9b6f,component,,False,SAM_GH_MaterialLibraryAdd,material,add,False,library,override,,material_library_add,SAM_GH_MaterialLibraryAdd,svg/material_library_add.svg,04 Constructions & materials,integrated
SAMCoreCopyMaterials,SAMCore.CopyMaterials,SAMCore.CopyMaterials,SAM,Core,SAM.Core.Grasshopper,Grasshopper/SAM.Core.Grasshopper/Component/SAMCoreCopyMaterials.cs,b48af95f-d6d0-4304-93dc-07b42fba4e39,component,,False,SAM_GH_MaterialLibraryCopy,material,copy,False,library,override,,material_library_copy,SAM_GH_MaterialLibraryCopy,svg/material_library_copy.svg,04 Constructions & materials,integrated
SAMAnalyticalCreateOpaqueMaterial,SAMAnalytical.CreateOpaqueMaterial,SAMAnalytical.CreateOpaqueMaterial,SAM,Analytical01,SAM.Analytical.Grasshopper,Grasshopper/SAM.Analytical.Grasshopper/Component/SAMAnalyticalCreateOpaqueMaterial.cs,1e7cb2c7-51c8-417e-9c98-a6f7a900d855,component,,False,SAM_GH_MaterialCreate,material,create,False,,rule,,material_create,SAM_GH_MaterialCreate,svg/material_create.svg,04 Constructions & materials,integrated
SAMCoreCreateMaterialLibrary,SAMCore.CreateMaterialLibrary,SAMCore.CreateMaterialLibrary,SAM,Core,SAM.Core.Grasshopper,Grasshopper/SAM.Core.Grasshopper/Component/SAMCoreCreateMaterialLibrary.cs,56d50b66-9478-4fcd-9c7a-9228961356b8,component,,False,SAM_GH_MaterialLibraryCreate,material,create,False,library,rule,,material_library_create,SAM_GH_MaterialLibraryCreate,svg/material_library_create.svg,04 Constructions & materials,integrated
SAMCoreCreateOpaqueMaterial,SAMCore.CreateOpaqueMaterial,SAMCore.CreateOpaqueMaterial,SAM,Core,SAM.Core.Grasshopper,Grasshopper/SAM.Core.Grasshopper/Component/SAMCoreCreateOpaqueMaterial_Obsolete.cs,9b856155-f5d6-40e7-8bbd-4de42abdc737,component,GH_Exposure.hidden,True,SAM_GH_MaterialCreate,material,create,False,,rule,,material_create,SAM_GH_MaterialCreate,svg/material_create.svg,04 Constructions & materials,integrated
SAMCoreSaveMaterialLibrary,SAMCore.SaveMaterialLibrary,SAMCore.SaveMaterialLibrary,SAM,Core,SAM.Core.Grasshopper,Grasshopper/SAM.Core.Grasshopper/Component/SAMCoreSaveMaterialLibrary.cs,c327b43f-e2bd-458f-91a4-bfea48f42b68,component,GH_Exposure.hidden,True,SAM_GH_MaterialLibraryExport,material,export,False,library,override,,material_library_export,SAM_GH_MaterialLibraryExport,svg/material_library_export.svg,04 Constructions & materials,integrated
SAMAnalyticalGetDefaultMaterialLibrary,SAMAnalytical.GetDefaultMaterialLibrary,SAMAnalytical.GetDefaultMaterialLibrary,SAM,Analytical01,SAM.Analytical.Grasshopper,Grasshopper/SAM.Analytical.Grasshopper/Component/SAMAnalyticalGetDefaultMaterialLibrary.cs,370dbf0a-7717-4861-ac59-305f203d8015,component,GH_Exposure.tertiary | GH_Exposure.obscure,False,SAM_GH_MaterialLibraryGet,material,get,False,library,rule,,material_library_get,SAM_GH_MaterialLibraryGet,svg/material_library_get.svg,04 Constructions & materials,integrated
SAMAnalyticalGetExternalMaterials,SAMAnalytical.GetExternalMaterials,SAMAnalytical.GetExternalMaterials,SAM,Analytical02,SAM.Analytical.Grasshopper,Grasshopper/SAM.Analytical.Grasshopper/Component/SAMAnalyticalGetExternalMaterials.cs,428c390c-d3f6-44b5-b9d7-10db53058fc8,component,,False,SAM_GH_MaterialPluralGet,material,get,True,,override,,material_plural_get,SAM_GH_MaterialPluralGet,svg/material_plural_get.svg,04 Constructions & materials,integrated
SAMAnalyticalGetInternalMaterials,SAMAnalytical.GetInternalMaterials,SAMAnalytical.GetInternalMaterials,SAM,Analytical02,SAM.Analytical.Grasshopper,Grasshopper/SAM.Analytical.Grasshopper/Component/SAMAnalyticalGetInternalMaterials.cs,d3f20b86-87c4-4214-ba54-37e6effb23f7,component,,False,SAM_GH_MaterialPluralGet,material,get,True,,override,,material_plural_get,SAM_GH_MaterialPluralGet,svg/material_plural_get.svg,04 Constructions & materials,integrated
SAMCoreLoadMaterialLibrary,SAMCore.LoadMaterialLibrary,SAMCore.LoadMaterialLibrary,SAM,Core,SAM.Core.Grasshopper,Grasshopper/SAM.Core.Grasshopper/Component/SAMCoreLoadMaterialLibrary.cs,afd91847-b70c-4227-9139-2a5291107398,component,GH_Exposure.hidden,True,SAM_GH_MaterialLibraryImport,material,import,False,library,override,,material_library_import,SAM_GH_MaterialLibraryImport,svg/material_library_import.svg,04 Constructions & materials,integrated
SAMAnalyticalCreateMaterialLayersByNames,SAMAnalytical.CreateMaterialLayersByNames,SAMAnalytical.CreateMaterialLayersByNames,SAM,Analytical,SAM.Analytical.Grasshopper,Grasshopper/SAM.Analytical.Grasshopper/Component/New/SAMAnalyticalCreateMaterialLayersByNames.cs,0e781669-2b9d-4a97-9ec2-9ea0a9dbc8d2,component,GH_Exposure.hidden,True,SAM_GH_MaterialLayerPluralCreate,materialLayer,create,True,,override,,materialLayer_plural_create,SAM_GH_MaterialLayerPluralCreate,svg/materialLayer_plural_create.svg,04 Constructions & materials,integrated
SAMAnalyticalCreateTransparentMaterial,SAMAnalytical.CreateTransparentMaterial,SAMAnalytical.CreateTransparentMaterial,SAM,Analytical01,SAM.Analytical.Grasshopper,Grasshopper/SAM.Analytical.Grasshopper/Component/SAMAnalyticalCreateTransparentMaterial.cs,3b7837fb-976a-4229-9ceb-fc9551ca9d34,component,,False,SAM_GH_TransparentMaterialCreate,transparentMaterial,create,False,,rule,,transparentMaterial_create,SAM_GH_TransparentMaterialCreate,svg/transparentMaterial_create.svg,04 Constructions & materials,integrated
SAMCoreCreateTransparentMaterial,SAMCore.CreateTransparentMaterial,SAMCore.CreateTransparentMaterial,SAM,Core,SAM.Core.Grasshopper,Grasshopper/SAM.Core.Grasshopper/Component/SAMCoreCreateTransparentMaterial_Obsolete.cs,ba66870d-8406-454a-ac2f-89c13bc622e6,component,GH_Exposure.hidden,True,SAM_GH_TransparentMaterialCreate,transparentMaterial,create,False,,rule,,transparentMaterial_create,SAM_GH_TransparentMaterialCreate,svg/transparentMaterial_create.svg,04 Constructions & materials,integrated
SAMAnalyticalCreateDegreeOfActivityByTemperature,SAMAnalytical.CreateDegreeOfActivityByTemperature,SAMAnalytical.CreateDegreeOfActivityByTemperature,SAM,Analytical,SAM.Analytical.Grasshopper,Grasshopper/SAM.Analytical.Grasshopper/Component/SAMAnalyticalCreateDegreeOfActivityByTemperature.cs,ab1ac9cd-e8d4-4f11-83c2-818581632543,component,,False,SAM_GH_DegreeOfActivityCreate,degreeOfActivity,create,False,,override,,degreeOfActivity_create,SAM_GH_DegreeOfActivityCreate,svg/degreeOfActivity_create.svg,"05 Profiles, internal conditions & gains",integrated
SAMAnalyticalGetDefaultDegreeOfActivityLibrary,SAMAnalytical.GetDefaultDegreeOfActivityLibrary,SAMAnalytical.GetDefaultDegreeOfActivityLibrary,SAM,Analytical01,SAM.Analytical.Grasshopper,Grasshopper/SAM.Analytical.Grasshopper/Component/SAMAnalyticalGetDefaultDegreeOfActivityLibrary.cs,5530a947-7d1d-4fde-9d0a-ca15dc2b2de8,component,GH_Exposure.tertiary | GH_Exposure.obscure,False,SAM_GH_DegreeOfActivityLibraryGet,degreeOfActivity,get,False,library,rule,,degreeOfActivity_library_get,SAM_GH_DegreeOfActivityLibraryGet,svg/degreeOfActivity_library_get.svg,"05 Profiles, internal conditions & gains",integrated
SAMAnalyticalUpdateEquipmentGains,SAMAnalytical.UpdateEquipmentGains,SAMAnalytical.UpdateEquipmentGains,SAM,SAM_IC,SAM.Analytical.Grasshopper,Grasshopper/SAM.Analytical.Grasshopper/Component/SAMAnalyticalUpdateEquipmentGains.cs,b120b400-4e6a-4dec-be1c-2a2068433e3e,component,GH_Exposure.primary,False,SAM_GH_EquipmentUpdate,equipment,update,False,,rule,,equipment_update,SAM_GH_EquipmentUpdate,svg/equipment_update.svg,"05 Profiles, internal conditions & gains",integrated
SAMAnalyticalUpdateInfiltrationGains,SAMAnalytical.UpdateInfiltrationGains,SAMAnalytical.UpdateInfiltrationGains,SAM,SAM_IC,SAM.Analytical.Grasshopper,Grasshopper/SAM.Analytical.Grasshopper/Component/SAMAnalyticalUpdateInfiltrationGains.cs,dc6afc04-27b4-4cd6-b0fe-16592370cbe0,component,GH_Exposure.primary,False,SAM_GH_InfiltrationUpdate,infiltration,update,False,,rule,,infiltration_update,SAM_GH_InfiltrationUpdate,svg/infiltration_update.svg,"05 Profiles, internal conditions & gains",integrated
SAMAnalyticalCreateInternalCondition,SAMAnalytical.CreateInternalCondition,SAMAnalytical.CreateInternalCondition,SAM,Analytical,SAM.Analytical.Grasshopper,Grasshopper/SAM.Analytical.Grasshopper/Component/SAMAnalyticalCreateInternalCondition.cs,29bd4dfe-fa7c-4c7d-a976-3fae5206fa6f,component,,False,SAM_GH_InternalConditionCreate,internalCondition,create,False,,rule,,internalCondition_create,SAM_GH_InternalConditionCreate,svg/internalCondition_create.svg,"05 Profiles, internal conditions & gains",integrated
SAMAnalyticalCreateInternalConditionByProfiles,SAMAnalytical.CreateInternalConditionByProfiles,SAMAnalytical.CreateInternalConditionByProfiles,SAM,SAM_IC,SAM.Analytical.Grasshopper,Grasshopper/SAM.Analytical.Grasshopper/Component/SAMAnalyticalCreateInternalConditionByProfiles.cs,79f69cd4-33f7-4f8c-bfe9-9f0f83faf990,component,GH_Exposure.primary,False,SAM_GH_InternalConditionCreate,internalCondition,create,False,,rule,,internalCondition_create,SAM_GH_InternalConditionCreate,svg/internalCondition_create.svg,"05 Profiles, internal conditions & gains",integrated
SAMAnalyticalGetDefaultInternalConditionLibrary,SAMAnalytical.GetDefaultInternalConditionLibrary,SAMAnalytical.GetDefaultInternalConditionLibrary,SAM,Analytical01,SAM.Analytical.Grasshopper,Grasshopper/SAM.Analytical.Grasshopper/Component/SAMAnalyticalGetDefaultInternalConditionLibrary.cs,7019621b-fa66-4202-a28f-1432d81f1d45,component,GH_Exposure.tertiary | GH_Exposure.obscure,False,SAM_GH_InternalConditionLibraryGet,internalCondition,get,False,library,rule,,internalCondition_library_get,SAM_GH_InternalConditionLibraryGet,svg/internalCondition_library_get.svg,"05 Profiles, internal conditions & gains",integrated
SAMAnalyticalModifyInternalConditionByProfile,SAMAnalytical.ModifyInternalConditionByProfile,SAMAnalytical.ModifyInternalConditionByProfile,SAM,Analytical02,SAM.Analytical.Grasshopper,Grasshopper/SAM.Analytical.Grasshopper/Component/SAMAnalyticalModifyInternalConditionByProfile.cs,6c2c620a-3932-456e-84f8-b0a4c210dfa5,component,,False,SAM_Small,internalCondition,modify,False,,rule,,internalCondition_modify,SAM_GH_InternalConditionModify,svg/internalCondition_modify.svg,"05 Profiles, internal conditions & gains",integrated
SAMAnalyticalSetInternalCondition,SAMAnalytical.SetInternalCondition,SAMAnalytical.SetInternalCondition,SAM,Analytical03,SAM.Analytical.Grasshopper,Grasshopper/SAM.Analytical.Grasshopper/Component/SAMAnalyticalSetInternalCondition.cs,7eae219d-7b75-4829-8d95-b342010f059f,component,GH_Exposure.primary,False,SAM_GH_InternalConditionSet,internalCondition,set,False,,rule,,internalCondition_set,SAM_GH_InternalConditionSet,svg/internalCondition_set.svg,"05 Profiles, internal conditions & gains",integrated
SAMAnalyticalSetInternalConditionByInternalConditionLibrary,SAMAnalytical.SetInternalConditionByInternalConditionLibrary,SAMAnalytical.SetInternalConditionByInternalConditionLibrary,SAM,Analytical03,SAM.Analytical.Grasshopper,Grasshopper/SAM.Analytical.Grasshopper/Component/SAMAnalyticalSetInternalConditionByInternalConditionLibrary.cs,defb11a7-4605-42d0-8d64-481df23dec7e,component,GH_Exposure.primary,False,SAM_GH_InternalConditionSet,internalCondition,set,False,,rule,,internalCondition_set,SAM_GH_InternalConditionSet,svg/internalCondition_set.svg,"05 Profiles, internal conditions & gains",integrated
SAMAnalyticalSetInternalConditionPerArea,SAMAnalytical.SetInternalConditionPerArea,SAMAnalytical.SetInternalConditionPerArea,SAM,Analytical03,SAM.Analytical.Grasshopper,Grasshopper/SAM.Analytical.Grasshopper/Component/SAMAnalyticalSetInternalConditionPerArea.cs,c93b42a5-f553-4d84-aad3-c06639b7e9a5,component,GH_Exposure.primary,False,SAM_GH_InternalConditionSet,internalCondition,set,False,,override,,internalCondition_set,SAM_GH_InternalConditionSet,svg/internalCondition_set.svg,"05 Profiles, internal conditions & gains",integrated
SAMAnalyticalSetOccupancyGains,SAMAnalytical.SetOccupancyGains,SAMAnalytical.SetOccupancyGains,SAM,Analytical03,SAM.Analytical.Grasshopper,Grasshopper/SAM.Analytical.Grasshopper/Component/SAMAnalyticalSetOccupancyGains.cs,301c9fa9-8d7e-457b-b643-86b696d3e229,component,,False,SAM_GH_InternalConditionSet,internalCondition,set,False,,override,,internalCondition_set,SAM_GH_InternalConditionSet,svg/internalCondition_set.svg,"05 Profiles, internal conditions & gains",integrated
SAMAnalyticalMapInternalConditions,SAMAnalytical.MapInternalConditions,SAMAnalytical.MapInternalConditions,SAM,Analytical02,SAM.Analytical.Grasshopper,Grasshopper/SAM.Analytical.Grasshopper/Component/SAMAnalyticalMapInternalCondtions.cs,0c0f2336-3a4d-495e-ba4c-6e8a09d5e94c,component,GH_Exposure.primary,False,SAM_GH_InternalConditionPluralUpdate,internalCondition,update,True,,override,,internalCondition_plural_update,SAM_GH_InternalConditionPluralUpdate,svg/internalCondition_plural_update.svg,"05 Profiles, internal conditions & gains",integrated
SAMAnalyticalUpdateInternalCondition,SAMAnalytical.UpdateInternalCondition,SAMAnalytical.UpdateInternalCondition,SAM,SAM_IC,SAM.Analytical.Grasshopper,Grasshopper/SAM.Analytical.Grasshopper/Component/SAMAnalyticalUpdateInternalCondition.cs,cca1e581-69b5-45aa-805b-0cde2a260f67,component,GH_Exposure.primary,False,SAM_GH_InternalConditionUpdate,internalCondition,update,False,,rule,,internalCondition_update,SAM_GH_InternalConditionUpdate,svg/internalCondition_update.svg,"05 Profiles, internal conditions & gains",integrated
SAMAnalyticalUpdateInternalConditionList,SAMAnalytical.UpdateInternalConditionList,SAMAnalytical.UpdateInternalConditionList,SAM,SAM_IC,SAM.Analytical.Grasshopper,Grasshopper/SAM.Analytical.Grasshopper/Component/SAMAnalyticalUpdateInternalConditionList.cs,01320998-9431-4d60-a1e2-4e1aed822f7f,component,GH_Exposure.primary,False,SAM_GH_InternalConditionUpdate,internalCondition,update,False,,rule,,internalCondition_update,SAM_GH_InternalConditionUpdate,svg/internalCondition_update.svg,"05 Profiles, internal conditions & gains",integrated
SAMAnalyticalUpdateNCM,SAMAnalytical.UpdateNCM,SAMAnalytical.UpdateNCM,SAM,SAM_IC,SAM.Analytical.Grasshopper,Grasshopper/SAM.Analytical.Grasshopper/Component/SAMAnalyticalUpdateNCM.cs,e0cc7bad-fcad-4bc4-b2ce-1604ec78fe6a,component,GH_Exposure.primary,False,SAM_GH_InternalConditionUpdate,internalCondition,update,False,,override,,internalCondition_update,SAM_GH_InternalConditionUpdate,svg/internalCondition_update.svg,"05 Profiles, internal conditions & gains",integrated
SAMAnalyticalUpdateOccupancyGains,SAMAnalytical.UpdateOccupancyGains,SAMAnalytical.UpdateOccupancyGains,SAM,SAM_IC,SAM.Analytical.Grasshopper,Grasshopper/SAM.Analytical.Grasshopper/Component/SAMAnalyticalUpdateOccupancyGains.cs,7553d77e-69c6-4ec2-86fb-baf5a2637fc2,component,GH_Exposure.primary,False,SAM_GH_InternalConditionUpdate,internalCondition,update,False,,rule,,internalCondition_update,SAM_GH_InternalConditionUpdate,svg/internalCondition_update.svg,"05 Profiles, internal conditions & gains",integrated
SAMAnalyticalInternalConditionParameter,SAMAnalytical.InternalConditionParameter,SAMAnalytical.InternalConditionParameter,SAM,Analytical02,SAM.Analytical.Grasshopper,Grasshopper/SAM.Analytical.Grasshopper/Component/SAMAnalyticalInternalConditionParameter.cs,6c9b04c9-177d-47b2-bb95-13b3fd858fd2,component,,False,SAM_GH_InternalConditionValue,internalCondition,value,False,,override,,internalCondition_value,SAM_GH_InternalConditionValue,svg/internalCondition_value.svg,"05 Profiles, internal conditions & gains",integrated
SAMAnalyticalUpdateLightingGains,SAMAnalytical.UpdateLightingGains,SAMAnalytical.UpdateLightingGains,SAM,SAM_IC,SAM.Analytical.Grasshopper,Grasshopper/SAM.Analytical.Grasshopper/Component/SAMAnalyticalUpdateLightingGains.cs,c32754f9-4e24-4297-ba08-a31fc0f9ef3d,component,GH_Exposure.primary,False,SAM_GH_LightingUpdate,lighting,update,False,,rule,,lighting_update,SAM_GH_LightingUpdate,svg/lighting_update.svg,"05 Profiles, internal conditions & gains",integrated
SAMAnalyticalLightingOccupancyControls,SAMAnalytical.LightingOccupancyControls,SAMAnalytical.LightingOccupancyControls,SAM,Analytical02,SAM.Analytical.Grasshopper,Grasshopper/SAM.Analytical.Grasshopper/Component/SAMAnalyticalLightingOccupancyControls.cs,6ba25b70-4973-49b5-9945-8ea4b408d39c,component,,False,SAM_GH_LightingValue,lighting,value,False,,override,,lighting_value,SAM_GH_LightingValue,svg/lighting_value.svg,"05 Profiles, internal conditions & gains",integrated
SAMAnalyticalLightingPhotoelectricControls,SAMAnalytical.LightingPhotoelectricControls,SAMAnalytical.LightingPhotoelectricControls,SAM,Analytical02,SAM.Analytical.Grasshopper,Grasshopper/SAM.Analytical.Grasshopper/Component/SAMAnalyticalLightingPhotoelectricControls.cs,91de3898-8dbd-4bd3-89cd-5da459f4cbbc,component,,False,SAM_GH_LightingValue,lighting,value,False,,override,,lighting_value,SAM_GH_LightingValue,svg/lighting_value.svg,"05 Profiles, internal conditions & gains",integrated
SAMAnalyticalUpdatePollutantGains,SAMAnalytical.UpdatePollutantGains,SAMAnalytical.UpdatePollutantGains,SAM,SAM_IC,SAM.Analytical.Grasshopper,Grasshopper/SAM.Analytical.Grasshopper/Component/SAMAnalyticalUpdatePollutantGains.cs,44835842-bd3c-498c-b2aa-cd483420d8a9,component,GH_Exposure.primary,False,SAM_GH_PollutantUpdate,pollutant,update,False,,rule,,pollutant_update,SAM_GH_PollutantUpdate,svg/pollutant_update.svg,"05 Profiles, internal conditions & gains",integrated
SAMAddMissingProfiles,SAMAnalytical.AddMissingProfiles,SAMAnalytical.AddMissingProfiles,SAM,Analytical,SAM.Analytical.Grasshopper,Grasshopper/SAM.Analytical.Grasshopper/Component/SAMAnalyticalAddMissingProfiles.cs,f02cd952-ef12-4720-8228-a0a68ac53bf2,component,,False,SAM_GH_ProfileLibraryAdd,profile,add,False,library,override,,profile_library_add,SAM_GH_ProfileLibraryAdd,svg/profile_library_add.svg,"05 Profiles, internal conditions & gains",integrated
SAMAnalyticalCreateProfileByBooleans,SAMAnalytical.CreateProfileByBooleans,SAMAnalytical.CreateProfileByBooleans,SAM,Analytical01,SAM.Analytical.Grasshopper,Grasshopper/SAM.Analytical.Grasshopper/Component/SAMAnalyticalCreateProfileByBooleans.cs,cb7b0a6e-0d45-46c6-a37e-295c3606b782,component,GH_Exposure.primary,False,SAM_GH_ProfileCreate,profile,create,False,,rule,,profile_create,SAM_GH_ProfileCreate,svg/profile_create.svg,"05 Profiles, internal conditions & gains",integrated
SAMAnalyticalCreateProfileByBooleansAndValues,SAMAnalytical.CreateProfileByBooleansAndValues,SAMAnalytical.CreateProfileByBooleansAndValues,SAM,Analytical01,SAM.Analytical.Grasshopper,Grasshopper/SAM.Analytical.Grasshopper/Component/SAMAnalyticalCreateProfileByBooleansAndValues.cs,1fb99ccf-ec46-458b-934e-d165b7cef068,component,GH_Exposure.primary,False,SAM_GH_ProfileCreate,profile,create,False,,rule,,profile_create,SAM_GH_ProfileCreate,svg/profile_create.svg,"05 Profiles, internal conditions & gains",integrated
SAMAnalyticalCreateProfileByProfiles,SAMAnalytical.CreateProfileByProfiles,SAMAnalytical.CreateProfileByProfiles,SAM,Analytical01,SAM.Analytical.Grasshopper,Grasshopper/SAM.Analytical.Grasshopper/Component/SAMAnalyticalCreateProfileByProfiles.cs,cdeb014d-3cde-4fa2-aff9-ae2f2507556d,component,GH_Exposure.primary,False,SAM_GH_ProfileCreate,profile,create,False,,rule,,profile_create,SAM_GH_ProfileCreate,svg/profile_create.svg,"05 Profiles, internal conditions & gains",integrated
SAMAnalyticalCreateProfileByValues,SAMAnalytical.CreateProfileByValues,SAMAnalytical.CreateProfileByValues,SAM,Analytical01,SAM.Analytical.Grasshopper,Grasshopper/SAM.Analytical.Grasshopper/Component/SAMAnalyticalCreateProfileByValues.cs,50610d29-ac34-46fc-b829-632f7ce30f38,component,GH_Exposure.primary,False,SAM_GH_ProfileCreate,profile,create,False,,rule,,profile_create,SAM_GH_ProfileCreate,svg/profile_create.svg,"05 Profiles, internal conditions & gains",integrated
SAMAnalyticalCreateProfileByWeatherYear,SAMAnalytical.CreateProfileByWeatherYear,SAMAnalytical.CreateProfileByWeatherYear,SAM,Analytical01,SAM.Analytical.Grasshopper,Grasshopper/SAM.Analytical.Grasshopper/Component/SAMAnalyticalCreateProfileByWeatherYear.cs,ccdb0026-fdf3-46d4-8d38-38665003933e,component,GH_Exposure.primary,False,SAM_GH_ProfileCreate,profile,create,False,,rule,,profile_create,SAM_GH_ProfileCreate,svg/profile_create.svg,"05 Profiles, internal conditions & gains",integrated
SAMAnalyticalSeasonProfileBySetPoint,SAMAnalytical.SeasonProfileBySetPoint,SAMAnalytical.SeasonProfileBySetPoint,SAM,Analytical03,SAM.Analytical.Grasshopper,Grasshopper/SAM.Analytical.Grasshopper/Component/SAMAnalyticalSeasonProfileBySetPoint.cs,a2dd6c38-31c3-4a7f-ae17-c71c2c8c8792,component,GH_Exposure.primary,False,SAM_GH_ProfileCreate,profile,create,False,,override,,profile_create,SAM_GH_ProfileCreate,svg/profile_create.svg,"05 Profiles, internal conditions & gains",integrated
SAMAnalyticalProfileDivide,SAMAnalytical.ProfileDivide,SAMAnalytical.ProfileDivide,SAM,Analytical03,SAM.Analytical.Grasshopper,Grasshopper/SAM.Analytical.Grasshopper/Component/SAMAnalyticalProfileDivide.cs,215d0a9c-2ebb-46a1-8d4e-51ee4412549b,component,GH_Exposure.primary,False,SAM_GH_ProfileDivide,profile,divide,False,,override,,profile_divide,SAM_GH_ProfileDivide,svg/profile_divide.svg,"05 Profiles, internal conditions & gains",integrated
SAMAnalyticalGetDefaultProfileLibrary,SAMAnalytical.GetDefaultProfileLibrary,SAMAnalytical.GetDefaultProfileLibrary,SAM,Analytical02,SAM.Analytical.Grasshopper,Grasshopper/SAM.Analytical.Grasshopper/Component/SAMAnalyticalGetDefaultProfileLibrary.cs,33e88b80-bff9-4d2a-8a00-54eb69efe343,component,GH_Exposure.tertiary | GH_Exposure.obscure,False,SAM_GH_ProfileLibraryGet,profile,get,False,library,rule,,profile_library_get,SAM_GH_ProfileLibraryGet,svg/profile_library_get.svg,"05 Profiles, internal conditions & gains",integrated
SAMAnalyticalProfileBySpace,SAMAnalytical.ProfileBySpace,SAMAnalytical.ProfileBySpace,SAM,Analytical03,SAM.Analytical.Grasshopper,Grasshopper/SAM.Analytical.Grasshopper/Component/SAMAnalyticalProfileBySpace.cs,59e4d2c6-4ce1-4002-8ea1-259711f8e968,component,GH_Exposure.primary,False,SAM_GH_ProfileGet,profile,get,False,,override,,profile_get,SAM_GH_ProfileGet,svg/profile_get.svg,"05 Profiles, internal conditions & gains",integrated
SAMAnalyticalModifyProfileByNumberComparison,SAMAnalytical.ModifyProfileByNumberComparison,SAMAnalytical.ModifyProfileByNumberComparison,SAM,Analytical02,SAM.Analytical.Grasshopper,Grasshopper/SAM.Analytical.Grasshopper/Component/SAMAnalyticalModifyProfileByNumberComparison.cs,120b495d-a8b8-453c-9ab6-321cff363c81,component,GH_Exposure.primary,False,SAM_GH_ProfileModify,profile,modify,False,,rule,,profile_modify,SAM_GH_ProfileModify,svg/profile_modify.svg,"05 Profiles, internal conditions & gains",integrated
SAMAnalyticalProfileMultiply,SAMAnalytical.ProfileMultiply,SAMAnalytical.ProfileMultiply,SAM,Analytical03,SAM.Analytical.Grasshopper,Grasshopper/SAM.Analytical.Grasshopper/Component/SAMAnalyticalProfileMultiply.cs,4e3825c6-55a9-4dc0-90fd-27ebb3903d3d,component,GH_Exposure.primary,False,SAM_GH_ProfileMultiply,profile,multiply,False,,override,,profile_multiply,SAM_GH_ProfileMultiply,svg/profile_multiply.svg,"05 Profiles, internal conditions & gains",integrated
SAMAnalyticalProfileSum,SAMAnalytical.ProfileSum,SAMAnalytical.ProfileSum,SAM,Analytical03,SAM.Analytical.Grasshopper,Grasshopper/SAM.Analytical.Grasshopper/Component/SAMAnalyticalProfileSum.cs,3e009b67-c230-481a-83e5-47e12c20c7e7,component,GH_Exposure.primary,False,SAM_GH_ProfileSum,profile,sum,False,,override,,profile_sum,SAM_GH_ProfileSum,svg/profile_sum.svg,"05 Profiles, internal conditions & gains",integrated
SAMAnalyticalProfileGroup,SAMAnalytical.ProfileGroup,SAMAnalytical.ProfileGroup,SAM,Analytical03,SAM.Analytical.Grasshopper,Grasshopper/SAM.Analytical.Grasshopper/Component/SAMAnalyticalProfileGroup.cs,80c68760-50f1-481e-a7f2-a8a02983407a,component,,False,SAM_GH_ProfileValue,profile,value,False,,override,,profile_value,SAM_GH_ProfileValue,svg/profile_value.svg,"05 Profiles, internal conditions & gains",integrated
SAMAnalyticalProfileType,SAMAnalytical.ProfileType,SAMAnalytical.ProfileType,SAM,Analytical03,SAM.Analytical.Grasshopper,Grasshopper/SAM.Analytical.Grasshopper/Component/SAMAnalyticalProfileType.cs,13f7d6c7-b06a-4b20-a1a6-e8820e066ca4,component,,False,SAM_GH_ProfileValue,profile,value,False,,override,,profile_value,SAM_GH_ProfileValue,svg/profile_value.svg,"05 Profiles, internal conditions & gains",integrated
SAMAnalyticalTM52SpaceExtendedResultByDaysOfYear,SAMAnalytical.TM52SpaceExtendedResultByDaysOfYears,SAMAnalytical.TM52SpaceExtendedResultByDaysOfYear,SAM,Analytical03,SAM.Analytical.Grasshopper,Grasshopper/SAM.Analytical.Grasshopper/Component/SAMAnalyticalTM52SpaceExtendedResultByDayOfYears.cs,63f28cb3-b54e-49ea-9c11-dc2352675f40,component,GH_Exposure.primary,False,SAM_GH_ThermometerAnalyse,thermometer,analyse,False,,override,,thermometer_analyse,SAM_GH_ThermometerAnalyse,svg/thermometer_analyse.svg,"05 Profiles, internal conditions & gains",integrated
SAMAnalyticalDailyIndoorComfortTemperatures,SAMAnalytical.DailyIndoorComfortTemperatures,SAMAnalytical.DailyIndoorComfortTemperatures,SAM,Analytical01,SAM.Analytical.Grasshopper,Grasshopper/SAM.Analytical.Grasshopper/Component/SAMAnalyticalDailyIndoorComfortTemperatures.cs,a9bb4e22-a978-464b-9814-35f871f1aae5,component,GH_Exposure.primary,False,SAM_GH_ThermometerCalculate,thermometer,calculate,False,,override,,thermometer_calculate,SAM_GH_ThermometerCalculate,svg/thermometer_calculate.svg,"05 Profiles, internal conditions & gains",integrated
SAMWeatherAdaptiveSetpointACCI,SAMWeather.AdaptiveSetpointACCI,SAMWeather.AdaptiveSetpointACCI,SAM,Weather,SAM.Weather.Grasshopper,Grasshopper/SAM.Weather.Grasshopper/Component/SAMWeatherAdaptiveSetpointACCI.cs,b495c149-2872-4b4d-881b-e1b7c3bc28db,component,GH_Exposure.primary,False,SAM_GH_ThermometerCalculate,thermometer,calculate,False,,override,,thermometer_calculate,SAM_GH_ThermometerCalculate,svg/thermometer_calculate.svg,"05 Profiles, internal conditions & gains",integrated
SAMWeatherAdaptiveSetpointACCIByTemperature,SAMWeather.AdaptiveSetpointACCIByTemperature,SAMWeather.AdaptiveSetpointACCIByTemperature,SAM,Weather,SAM.Weather.Grasshopper,Grasshopper/SAM.Weather.Grasshopper/Component/SAMWeatherAdaptiveSetpointACCIByTemperature.cs,e75af232-c217-4748-9243-1eb153e93e31,component,GH_Exposure.primary,False,SAM_GH_ThermometerCalculate,thermometer,calculate,False,,override,,thermometer_calculate,SAM_GH_ThermometerCalculate,svg/thermometer_calculate.svg,"05 Profiles, internal conditions & gains",integrated
SAMWeatherPrevailingMeanOutdoorAirTemperatures,SAMWeather.PrevailingMeanOutdoorAirTemperatures,SAMWeather.PrevailingMeanOutdoorAirTemperatures,SAM,Weather,SAM.Weather.Grasshopper,Grasshopper/SAM.Weather.Grasshopper/Component/SAMWeatherPrevailingMeanOutdoorAirTemperatures.cs,37a74368-5add-483a-bc06-8465cbb62de3,component,,False,SAM_GH_ThermometerPluralCalculate,thermometer,calculate,True,,override,,thermometer_plural_calculate,SAM_GH_ThermometerPluralCalculate,svg/thermometer_plural_calculate.svg,"05 Profiles, internal conditions & gains",integrated
SAMAnalyticalUpdateSetPoint,SAMAnalytical.UpdateSetPoint,SAMAnalytical.UpdateSetPoint,SAM,SAM_IC,SAM.Analytical.Grasshopper,Grasshopper/SAM.Analytical.Grasshopper/Component/SAMAnalyticalUpdateSetPoint.cs,b57f85bc-78c4-45ee-9f75-85e3a34804cc,component,GH_Exposure.primary,False,SAM_GH_ThermometerUpdate,thermometer,update,False,,rule,,thermometer_update,SAM_GH_ThermometerUpdate,svg/thermometer_update.svg,"05 Profiles, internal conditions & gains",integrated
SAMAnalyticalTM52BuildingCategory,SAMAnalytical.TM52BuildingCategory,SAMAnalytical.TM52BuildingCategory,SAM,Analytical03,SAM.Analytical.Grasshopper,Grasshopper/SAM.Analytical.Grasshopper/Component/SAMAnalyticalTM52BuildingCategory.cs,94ca0b6d-4160-4c12-bf85-ed190f4b99aa,component,,False,SAM_GH_ThermometerValue,thermometer,value,False,,override,,thermometer_value,SAM_GH_ThermometerValue,svg/thermometer_value.svg,"05 Profiles, internal conditions & gains",integrated
SAMAnalyticalModifyAirHandlingUnits,SAMAnalytical.ModifyAirHandlingUnits,SAMAnalytical.ModifyAirHandlingUnits,SAM,Analytical02,SAM.Analytical.Grasshopper,Grasshopper/SAM.Analytical.Grasshopper/Component/SAMAnalyticalModifyAirHandlingUnits.cs,31a55e4b-193f-4a3b-ab0c-b9d2e01b7b41,component,GH_Exposure.primary,False,SAM_GH_AhuPluralModify,ahu,modify,True,,rule,,ahu_plural_modify,SAM_GH_AhuPluralModify,svg/ahu_plural_modify.svg,06 Systems & airflow,integrated
SAMAnalyticalAirflow,SAMAnalytical.Airflow,SAMAnalytical.Airflow,SAM,Analytical,SAM.Analytical.Grasshopper,Grasshopper/SAM.Analytical.Grasshopper/Component/SAMAnalyticalAirFlow.cs,b73301da-72d3-4ab6-a625-17a1f59d128c,component,,False,SAM_GH_AirflowCalculate,airflow,calculate,False,,override,,airflow_calculate,SAM_GH_AirflowCalculate,svg/airflow_calculate.svg,06 Systems & airflow,integrated
SAMAnalyticalResolveTargetedDesignAirFlow,SAMAnalytical.ResolveTargetedDesignAirFlow,SAMAnalytical.ResolveTargetedDesignAirFlow,SAM,Analytical,SAM.Analytical.Grasshopper,Grasshopper/SAM.Analytical.Grasshopper/Component/SAMAnalyticalResolveTargetedDesignAirFlow.cs,8b41c7a2-52d6-4f39-91be-6c0d84f7ae13,component,GH_Exposure.primary,False,SAM_GH_AirflowCalculate,airflow,calculate,False,,override,,airflow_calculate,SAM_GH_AirflowCalculate,svg/airflow_calculate.svg,06 Systems & airflow,integrated
SAMAnalyticalModifyVentilationProfileByFunction,SAMAnalytical.ModifyVentilationProfileByFunction,SAMAnalytical.ModifyVentilationProfileByFunction,SAM,Analytical02,SAM.Analytical.Grasshopper,Grasshopper/SAM.Analytical.Grasshopper/Component/SAMAnalyticalModifyVentilationProfileByFunction.cs,e01a70b5-b59b-4b38-b012-b08728f76dc4,component,GH_Exposure.primary,False,SAM_GH_AirflowModify,airflow,modify,False,,rule,,airflow_modify,SAM_GH_AirflowModify,svg/airflow_modify.svg,06 Systems & airflow,integrated
SAMAnalyticalApplyTargetedDesignAirFlow,SAMAnalytical.ApplyTargetedDesignAirFlow,SAMAnalytical.ApplyTargetedDesignAirFlow,SAM,Analytical,SAM.Analytical.Grasshopper,Grasshopper/SAM.Analytical.Grasshopper/Component/SAMAnalyticalApplyTargetedDesignAirFlow.cs,2f6a9d3e-7c14-4e82-b6a5-9d1f3c8e5a47,component,GH_Exposure.primary,False,SAM_GH_AirflowSet,airflow,set,False,,override,,airflow_set,SAM_GH_AirflowSet,svg/airflow_set.svg,06 Systems & airflow,integrated
SAMAnalyticalSetAirflow,SAMAnalytical.SetAirflow,SAMAnalytical.SetAirflow,SAM,Analytical03,SAM.Analytical.Grasshopper,Grasshopper/SAM.Analytical.Grasshopper/Component/SAMAnalyticalSetAirflow.cs,586fbc48-80aa-4a88-b263-cca4b86fc5d0,component,GH_Exposure.primary,False,SAM_GH_AirflowSet,airflow,set,False,,override,,airflow_set,SAM_GH_AirflowSet,svg/airflow_set.svg,06 Systems & airflow,integrated
SAMAnalyticalUpdateVentilationProfile,SAMAnalytical.UpdateVentilationProfile,SAMAnalytical.UpdateVentilationProfile,SAM,SAM_IC,SAM.Analytical.Grasshopper,Grasshopper/SAM.Analytical.Grasshopper/Component/SAMAnalyticalUpdateVentilationProfile.cs,d9720857-1cfb-4de2-96ff-958c9c116419,component,GH_Exposure.primary,False,SAM_GH_AirflowUpdate,airflow,update,False,,rule,,airflow_update,SAM_GH_AirflowUpdate,svg/airflow_update.svg,06 Systems & airflow,integrated
SAMAnalyticalDaylightFactor,SAMAnalytical.DaylightFactor,SAMAnalytical.DaylightFactor,SAM,Analytical01,SAM.Analytical.Grasshopper,Grasshopper/SAM.Analytical.Grasshopper/Component/SAMAnalyticalDaylightFactor.cs,be13272c-3eff-4216-83b3-adc7107bcbb8,component,GH_Exposure.primary,False,SAM_GH_DaylightAnalyse,daylight,analyse,False,,override,,daylight_analyse,SAM_GH_DaylightAnalyse,svg/daylight_analyse.svg,06 Systems & airflow,integrated
SAMAnalyticalCalculateDaylightFactor,SAMAnalytical.CalculateDaylightFactor,SAMAnalytical.CalculateDaylightFactor,SAM,Analytical,SAM.Analytical.Grasshopper,Grasshopper/SAM.Analytical.Grasshopper/Component/SAMAnalyticalCalculateDaylightFactor.cs,48910687-cc6b-4637-b671-30b8b268e5f7,component,GH_Exposure.primary,False,SAM_GH_DaylightCalculate,daylight,calculate,False,,override,,daylight_calculate,SAM_GH_DaylightCalculate,svg/daylight_calculate.svg,06 Systems & airflow,integrated
SAMAnalyticalAddVentilationSystem,SAMAnalytical.AddVentilationSystem,SAMAnalytical.AddVentilationSystem,SAM,Analytical,SAM.Analytical.Grasshopper,Grasshopper/SAM.Analytical.Grasshopper/Component/SAMAnalyticalAddVentilationSystem.cs,44cad435-1777-4b53-a8cc-feef84862c3e,component,,False,SAM_GH_FanAdd,fan,add,False,,override,,fan_add,SAM_GH_FanAdd,svg/fan_add.svg,06 Systems & airflow,integrated
SAMAnalyticalAddVentilationSystemsByZones,SAMAnalytical.AddVentilationSystemsByZones,SAMAnalytical.AddVentilationSystemsByZones,SAM,Analytical,SAM.Analytical.Grasshopper,Grasshopper/SAM.Analytical.Grasshopper/Component/SAMAnalyticalAddVentilationSystemsByZones.cs,ec8cb63a-71d2-44e1-9d22-1eb82811803b,component,,False,SAM_GH_FanAdd,fan,add,False,,override,,fan_add,SAM_GH_FanAdd,svg/fan_add.svg,06 Systems & airflow,integrated
SAMAnalyticalModifyVentilationSystemsByZone,SAMAnalytical.ModifyVentilationSystemsByZone,SAMAnalytical.ModifyVentilationSystemsByZone,SAM,Analytical02,SAM.Analytical.Grasshopper,Grasshopper/SAM.Analytical.Grasshopper/Component/SAMAnalyticalModifyVentilationSystemsByZone.cs,630a848f-318f-48d0-8156-964aa40cdcbb,component,,False,SAM_Small,fan,modify,True,,override,,fan_plural_modify,SAM_GH_FanPluralModify,svg/fan_plural_modify.svg,06 Systems & airflow,integrated
SAMAnalyticalHeatTransferCoefficientByDefaultGasType,SAMAnalytical.HeatTransferCoefficientByDefaultGasType,SAMAnalyticalCreate.HeatTransferCoefficientByDefaultGasType,SAM,Analytical02,SAM.Analytical.Grasshopper,Grasshopper/SAM.Analytical.Grasshopper/Component/SAMAnalyticalHeatTransferCoefficientByDefaultGasType.cs,7c3c44e3-3a12-40ff-8ace-742e39d92e7d,component,,False,SAM_GH_HeatCalculate,heat,calculate,False,,override,,heat_calculate,SAM_GH_HeatCalculate,svg/heat_calculate.svg,06 Systems & airflow,integrated
SAMAnalyticalUpdateHeatTransferCoefficients,SAMAnalytical.UpdateHeatTransferCoefficients,SAMAnalytical.UpdateHeatTransferCoefficients,SAM,Analytical04,SAM.Analytical.Grasshopper,Grasshopper/SAM.Analytical.Grasshopper/Component/SAMAnalyticalUpdateHeatTransferCoefficients.cs,d2238ee3-5cd1-4cc2-a89a-e7ff6d648200,component,GH_Exposure.tertiary | GH_Exposure.obscure,False,SAM_GH_HeatUpdate,heat,update,False,,rule,,heat_update,SAM_GH_HeatUpdate,svg/heat_update.svg,06 Systems & airflow,integrated
SAMAnalyticalHeatFlowDirection,SAMAnalytical.HeatFlowDirection,SAMAnalytical.HeatFlowDirection,SAM,Analytical02,SAM.Analytical.Grasshopper,Grasshopper/SAM.Analytical.Grasshopper/Component/SAMAnalyticalHeatFlowDirection.cs,0494cfc0-e0a2-401f-8c7c-d2629399d946,component,,False,SAM_GH_HeatValue,heat,value,False,,override,,heat_value,SAM_GH_HeatValue,svg/heat_value.svg,06 Systems & airflow,integrated
SAMAnalyticalAddMechanicalSystems,SAMAnalytical.AddMechanicalSystems,SAMAnalytical.AddMechanicalSystems,SAM,Analytical,SAM.Analytical.Grasshopper,Grasshopper/SAM.Analytical.Grasshopper/Component/SAMAnalyticalAddMechanicalSystems.cs,63bb61dc-69b7-4b0f-b363-482ba95ed20d,component,,False,SAM_GH_SystemAdd,system,add,False,,override,,system_add,SAM_GH_SystemAdd,svg/system_add.svg,06 Systems & airflow,integrated
SAMAnalyticalGetDefaultSystemTypeLibrary,SAMAnalytical.GetDefaultSystemTypeLibrary,SAMAnalytical.GetDefaultSystemTypeLibrary,SAM,Analytical02,SAM.Analytical.Grasshopper,Grasshopper/SAM.Analytical.Grasshopper/Component/SAMAnalyticalGetDefaultSystemTypeLibrary.cs,2ed4b34f-5fad-4b15-b39a-7b83251484be,component,GH_Exposure.tertiary | GH_Exposure.obscure,False,SAM_GH_SystemLibraryGet,system,get,False,library,rule,,system_library_get,SAM_GH_SystemLibraryGet,svg/system_library_get.svg,06 Systems & airflow,integrated
SAMAnalyticalMechanicalSystemTypes,SAMAnalytical.SystemTypes,SAMAnalytical.SystemTypes,SAM,Analytical02,SAM.Analytical.Grasshopper,Grasshopper/SAM.Analytical.Grasshopper/Component/SAMAnalyticalMechanicalSystemTypes.cs,0b370d90-3c1b-4b20-8181-0a751611652e,component,,False,SAM_GH_SystemPluralGet,system,get,True,,override,,system_plural_get,SAM_GH_SystemPluralGet,svg/system_plural_get.svg,06 Systems & airflow,integrated
SAMAnalyticalModifyMechanicalSystems,SAMAnalytical.ModifyMechanicalSystems,SAMAnalytical.ModifyMechanicalSystems,SAM,Analytical02,SAM.Analytical.Grasshopper,Grasshopper/SAM.Analytical.Grasshopper/Component/SAMAnalyticalModifyMechanicalSystems.cs,d9266a28-5770-469d-ae06-bea164ef2ce5,component,,False,SAM_GH_SystemPluralModify,system,modify,True,,rule,,system_plural_modify,SAM_GH_SystemPluralModify,svg/system_plural_modify.svg,06 Systems & airflow,integrated
SAMAnalyticalSetSystemTypeNames,SAMAnalytical.SetSystemTypeNames,SAMAnalytical.SetSystemTypeNames,SAM,Analytical03,SAM.Analytical.Grasshopper,Grasshopper/SAM.Analytical.Grasshopper/Component/SAMAnalyticalSetSystemTypeNames.cs,98f6dda3-da1c-4102-8192-9bf9136cb552,component,GH_Exposure.primary,False,SAM_GH_SystemSet,system,set,False,,override,,system_set,SAM_GH_SystemSet,svg/system_set.svg,06 Systems & airflow,integrated
SAMAnalyticalNCMSystemType,SAMAnalytical.NCMSystemType,SAMAnalytical.NCMSystemType,SAM,Analytical02,SAM.Analytical.Grasshopper,Grasshopper/SAM.Analytical.Grasshopper/Component/SAMAnalyticalNCMSystemType.cs,2a86c000-3b8c-42b9-9ba7-a5aff0427698,component,,False,SAM_GH_SystemValue,system,value,False,,override,,system_value,SAM_GH_SystemValue,svg/system_value.svg,06 Systems & airflow,integrated
SAMGeometryFace3DSpacing,SAMGeometry.Face3DSpacing,SAMGeometry.Face3DSpacing,SAM,Geometry,SAM.Geometry.Grasshopper,Grasshopper/SAM.Geometry.Grasshopper/Component/SAMGeometryFace3DSpacing.cs,42fb6db1-fe5b-40b6-8208-1033ca02a83b,component,GH_Exposure.primary,False,SAM_GH_FaceCalculate,face,calculate,False,,override,,face_calculate,SAM_GH_FaceCalculate,svg/face_calculate.svg,07 Geometry,integrated
SAMGeometryThinnessRatio,SAMGeometry.ThinnessRatio,SAMGeometry.ThinnessRatio,SAM,Geometry,SAM.Geometry.Grasshopper,Grasshopper/SAM.Geometry.Grasshopper/Component/SAMGeometryThinnessRatio.cs,37139b71-48d1-4851-a4bf-8167cd424d5f,component,,False,SAM_GH_FaceCalculate,face,calculate,False,,override,,face_calculate,SAM_GH_FaceCalculate,svg/face_calculate.svg,07 Geometry,integrated
SAMAnalyticalPlanarBoundary3D,SAMAnalytical.PlanarBoundary3D,SAMAnalytical.PlanarBoundary3D,SAM,Analytical03,SAM.Analytical.Grasshopper,Grasshopper/SAM.Analytical.Grasshopper/Component/SAMAnalyticalPlanarBoundary3D.cs,7316ff6b-9688-4f82-8256-b3e27e4a958d,component,,False,SAM_GH_FaceGet,face,get,False,,override,,face_get,SAM_GH_FaceGet,svg/face_get.svg,07 Geometry,integrated
SAMGeometryMergeOverlaps,SAMGeometry.MergeOverlaps,SAMGeometry.MergeOverlaps,SAM,Geometry,SAM.Geometry.Grasshopper,Grasshopper/SAM.Geometry.Grasshopper/Component/SAMGeometryMargeOverlaps.cs,2b27fa9e-6ceb-45e5-a99c-b6d057173d5c,component,,False,SAM_GH_FaceMerge,face,merge,False,,override,,face_merge,SAM_GH_FaceMerge,svg/face_merge.svg,07 Geometry,integrated
SAMGeometryFill,SAMGeometry.Fill,SAMGeometry.Fill,SAM,Geometry,SAM.Geometry.Grasshopper,Grasshopper/SAM.Geometry.Grasshopper/Component/SAMGeometryFill.cs,4c2d4620-26c2-4b49-9b63-572dcd3ebbf5,component,,False,SAM_GH_FaceModify,face,modify,False,,override,,face_modify,SAM_GH_FaceModify,svg/face_modify.svg,07 Geometry,integrated
GeometryShellsSplitFace3Ds,Geometry.ShellsSplitFace3Ds,Geometry.ShellsSplitFace3Ds,SAM,Geometry,SAM.Geometry.Grasshopper,Grasshopper/SAM.Geometry.Grasshopper/Component/SAMGeometryShellsSplitFace3Ds.cs,388697d3-6ee6-4509-9569-1f94327b457a,component,,False,SAM_GH_FaceSplit,face,split,False,,override,,face_split,SAM_GH_FaceSplit,svg/face_split.svg,07 Geometry,integrated
SAMGeometrySplitCoplanarFace3Ds,SAMGeometry.SplitCoplanarFace3Ds,SAMGeometry.SplitCoplanarFace3Ds,SAM,Geometry,SAM.Geometry.Grasshopper,Grasshopper/SAM.Geometry.Grasshopper/Component/SAMGeometrySplitCoplanarFace3Ds.cs,a483b16a-6d9f-4ae1-920f-2aaa60114d32,component,,False,SAM_GH_FaceSplit,face,split,False,,override,,face_split,SAM_GH_FaceSplit,svg/face_split.svg,07 Geometry,integrated
GeometryTriangulate,Geometry.Triangulate,Geometry.Triangulate,SAM,Geometry,SAM.Geometry.Grasshopper,Grasshopper/SAM.Geometry.Grasshopper/Component/GeometryTriangulate.cs,9c8e9b12-e698-4a31-a389-fab330832d2b,component,,False,SAM_GH_FaceTriangulate,face,triangulate,False,,override,,face_triangulate,SAM_GH_FaceTriangulate,svg/face_triangulate.svg,07 Geometry,integrated
GeometrySAMGeometry,Geometry.SAMGeometry,Geometry.SAMGeometry,SAM,Geometry,SAM.Geometry.Grasshopper,Grasshopper/SAM.Geometry.Grasshopper/Component/GeometrySAMGeometry.cs,c82929ce-ada5-4e48-be04-9f024de4e6fc,component,,False,SAM_GH_GeometryConvert,geometry,convert,False,,override,,geometry_convert,SAM_GH_GeometryConvert,svg/geometry_convert.svg,07 Geometry,integrated
SAMAnalyticalGeometry,SAMAnalytical.Geometry,SAMAnalytical.Geometry,SAM,Analytical01,SAM.Analytical.Grasshopper,Grasshopper/SAM.Analytical.Grasshopper/Component/SAMAnalyticalGeometry.cs,6628ec6c-84ba-4f2b-97cf-f2ccdbe8599a,component,,False,SAM_GH_GeometryConvert,geometry,convert,False,,override,,geometry_convert,SAM_GH_GeometryConvert,svg/geometry_convert.svg,07 Geometry,integrated
SAMGeometryGeometry,SAMGeometry.Geometry,SAMGeometry.Geometry,SAM,Geometry,SAM.Geometry.Grasshopper,Grasshopper/SAM.Geometry.Grasshopper/Component/SAMGeometryGeometry.cs,111fcc37-a02e-4b5e-aaa5-0988171b6143,component,,False,SAM_GH_GeometryConvert,geometry,convert,False,,override,,geometry_convert,SAM_GH_GeometryConvert,svg/geometry_convert.svg,07 Geometry,integrated
GeometrySnapByDistance,Geometry.SnapByDistance,GeometryEngine.SnapByDistance,SAM,Geometry,SAM.Geometry.Grasshopper,Grasshopper/SAM.Geometry.Grasshopper/Component/GeometrySnapByDistance.cs,1204fbdd-0e61-4dfd-8bb4-21b6eb461ae7,component,,False,SAM_GH_GeometrySnap,geometry,snap,False,,override,,geometry_snap,SAM_GH_GeometrySnap,svg/geometry_snap.svg,07 Geometry,integrated
GeometrySnapByPoints,Geometry.SnapByPoints,GeometryEngine.SnapByPoints,SAM,Geometry,SAM.Geometry.Grasshopper,Grasshopper/SAM.Geometry.Grasshopper/Component/GeometrySnapByPoints.cs,1165eb14-9f8a-460e-a3e7-e9b3d7f08ddc,component,,False,SAM_GH_GeometrySnap,geometry,snap,False,,override,,geometry_snap,SAM_GH_GeometrySnap,svg/geometry_snap.svg,07 Geometry,integrated
SAMGeometrySplit,SAMGeometry.Split,SAMGeometry.Split,SAM,Geometry,SAM.Geometry.Grasshopper,Grasshopper/SAM.Geometry.Grasshopper/Component/SAMGeometrySplit.cs,5de5aeeb-7d6c-4598-bf45-df9d72edb8f5,component,GH_Exposure.tertiary | GH_Exposure.hidden,True,SAM_GH_GeometrySplit,geometry,split,False,,override,,geometry_split,SAM_GH_GeometrySplit,svg/geometry_split.svg,07 Geometry,integrated
SAMGeometryTransform,SAMGeometry.Transform,SAMGeometry.Transform,SAM,Geometry,SAM.Geometry.Grasshopper,Grasshopper/SAM.Geometry.Grasshopper/Component/SAMGeometryTransform.cs,ca12bdd8-d050-4bf1-9c37-963cfee655f3,component,,False,SAM_GH_GeometryTransform,geometry,transform,False,,override,,geometry_transform,SAM_GH_GeometryTransform,svg/geometry_transform.svg,07 Geometry,integrated
SAMAnalyticalUpdateGeometry,SAMAnalytical.UpdateGeometry,SAMAnalytical.UpdateGeometry,SAM,Analytical04,SAM.Analytical.Grasshopper,Grasshopper/SAM.Analytical.Grasshopper/Component/SAMAnalyticalUpdateGeometry.cs,8aab6290-b5bc-4052-ad5e-21ff4254946e,component,,False,SAM_GH_GeometryUpdate,geometry,update,False,,override,,geometry_update,SAM_GH_GeometryUpdate,svg/geometry_update.svg,07 Geometry,integrated
NTSSAMGeometry2D,NTS.SAMGeometry2D,NTS.SAMGeometry2D,SAM,Geometry,SAM.Geometry.Grasshopper,Grasshopper/SAM.Geometry.Grasshopper/Component/NTSSAMGeometry2D.cs,93610b4d-c36a-4294-9290-27bc4c9afca2,component,,False,SAM_GH_Geometry2DConvert,geometry2D,convert,False,,override,,geometry2D_convert,SAM_GH_Geometry2DConvert,svg/geometry2D_convert.svg,07 Geometry,integrated
SAMGeometrySAMGeometry2D,SAMGeometry.SAMGeometry2D,SAMGeometry.SAMGeometry2D,SAM,Geometry,SAM.Geometry.Grasshopper,Grasshopper/SAM.Geometry.Grasshopper/Component/SAMGeometrySAMGeometry2D.cs,50eb9b79-0a5f-4fb7-938d-451ff9432eee,component,,False,SAM_GH_Geometry2DConvert,geometry2D,convert,False,,override,,geometry2D_convert,SAM_GH_Geometry2DConvert,svg/geometry2D_convert.svg,07 Geometry,integrated
SAMGeometry2DSAMGeometry,SAMGeometry2D.SAMGeometry,SAMGeometry2D.SAMGeometry,SAM,Geometry,SAM.Geometry.Grasshopper,Grasshopper/SAM.Geometry.Grasshopper/Component/SAMGeometry2DSAMGeometry.cs,7d24437d-df27-4144-b66e-82d8a8491b2d,component,,False,SAM_GH_Geometry2DConvert,geometry2D,convert,False,,override,,geometry2D_convert,SAM_GH_Geometry2DConvert,svg/geometry2D_convert.svg,07 Geometry,integrated
SAMGeometry2DToNTS,SAMGeometry2D.ToNTS,SAMGeometry2D.ToNTS,SAM,Geometry,SAM.Geometry.Grasshopper,Grasshopper/SAM.Geometry.Grasshopper/Component/SAMGeometry2DToNTS.cs,0919dca3-ca2b-4783-acd3-847d5bff4a46,component,,False,SAM_GH_Geometry2DConvert,geometry2D,convert,False,,override,,geometry2D_convert,SAM_GH_Geometry2DConvert,svg/geometry2D_convert.svg,07 Geometry,integrated
SAMAnalyticalGrid,SAMAnalytical.Grid,SAMAnalytical.Grid,SAM,Analytical02,SAM.Analytical.Grasshopper,Grasshopper/SAM.Analytical.Grasshopper/Component/SAMAnalyticalGrid.cs,469ea20b-7860-4e77-9f33-5d642056c685,component,,False,SAM_GH_GridCreate,grid,create,False,,override,,grid_create,SAM_GH_GridCreate,svg/grid_create.svg,07 Geometry,integrated
GeometryMeshClose,Geometry.MeshClose,Geometry.MeshClose,SAM,Geometry,SAM.Geometry.Grasshopper,Grasshopper/SAM.Geometry.Grasshopper/Component/GeometryMeshClose.cs,e9ea89ab-6df3-4050-9a3f-134d2445d57c,component,,False,SAM_GH_MeshModify,mesh,modify,False,,override,,mesh_modify,SAM_GH_MeshModify,svg/mesh_modify.svg,07 Geometry,integrated
GeometryMeshReduce,Geometry.MeshReduce,Geometry.MeshReduce,SAM,Geometry,SAM.Geometry.Grasshopper,Grasshopper/SAM.Geometry.Grasshopper/Component/GeometryMeshReduce.cs,50f45468-60e1-4a11-9c2c-0e2b01f72952,component,,False,SAM_GH_MeshModify,mesh,modify,False,,override,,mesh_modify,SAM_GH_MeshModify,svg/mesh_modify.svg,07 Geometry,integrated
GeometryCreatePlane,Geometry.CreatePlane,Geometry.CreatePlane,SAM,Geometry,SAM.Geometry.Grasshopper,Grasshopper/SAM.Geometry.Grasshopper/Component/GeometryCreatePlane.cs,d146aa94-8faa-43f0-a55b-d9472cde3cce,component,,False,SAM_GH_PlaneCreate,plane,create,False,,rule,,plane_create,SAM_GH_PlaneCreate,svg/plane_create.svg,07 Geometry,integrated
SAMAnalyticalPlaneIntersection,SAMAnalytical.PlaneIntersection,SAMAnalytical.PlaneIntersection,SAM,Analytical03,SAM.Analytical.Grasshopper,Grasshopper/SAM.Analytical.Grasshopper/Component/SAMAnalyticalPlaneIntersection.cs,8245dff3-2273-4f02-9f0c-53cceb1030af,component,,False,SAM_GH_PlaneIntersect,plane,intersect,False,,override,,plane_intersect,SAM_GH_PlaneIntersect,svg/plane_intersect.svg,07 Geometry,integrated
SAMGeometryPlaneIntersection,SAMGeometry.PlaneIntersection,GHgeo,SAM,Geometry,SAM.Geometry.Grasshopper,Grasshopper/SAM.Geometry.Grasshopper/Component/SAMGeometryPlaneIntersection.cs,02c2bed1-ef27-48be-bcf0-dc969d0b6d90,component,,False,SAM_GH_PlaneIntersect,plane,intersect,False,,override,,plane_intersect,SAM_GH_PlaneIntersect,svg/plane_intersect.svg,07 Geometry,integrated
SAMAnalyticalSnapPoints,SAMAnalytical.SnapPoints,SAMAnalytical.SnapPoints,SAM,Analytical03,SAM.Analytical.Grasshopper,Grasshopper/SAM.Analytical.Grasshopper/Component/SAMAnalyticalSnapPoints.cs,b9383b12-250f-4ff8-8b07-cc4aa6a33ff8,component,,False,SAM_GH_PointsSnap,points,snap,False,,override,,points_snap,SAM_GH_PointsSnap,svg/points_snap.svg,07 Geometry,integrated
GeometryPolycurveLoop2D,Geometry.PolycurveLoop2D,Geometry.PolycurveLoop2D,SAM,Geometry,SAM.Geometry.Grasshopper,Grasshopper/SAM.Geometry.Grasshopper/Component/GeometryPolycurveLoop2D.cs,27be7da1-8492-4400-9984-ffa70f3b5c69,component,GH_Exposure.tertiary | GH_Exposure.obscure,False,SAM_GH_PolyloopCreate,polyloop,create,False,,override,,polyloop_create,SAM_GH_PolyloopCreate,svg/polyloop_create.svg,07 Geometry,integrated
SAMGeometryShellNakedSegment3Ds,SAMGeometry.NakedSegment3Ds,SAMGeometry.NakedSegment3Ds,SAM,Geometry,SAM.Geometry.Grasshopper,Grasshopper/SAM.Geometry.Grasshopper/Component/SAMGeometryShellNakedSegment3Ds.cs,642f9b92-e41a-420c-bf9e-60a208874e16,component,,False,SAM_GH_SegmentPluralGet,segment,get,True,,override,,segment_plural_get,SAM_GH_SegmentPluralGet,svg/segment_plural_get.svg,07 Geometry,integrated
SAMGeometrySegment2DIntersection,SAMGeometry.Segment2DIntersection,GHgeo,SAM,Geometry,SAM.Geometry.Grasshopper,Grasshopper/SAM.Geometry.Grasshopper/Component/SAMGeometrySegment2DIntersection.cs,2328b29d-21c2-4ad6-940f-482a8cdc6b68,component,,False,SAM_GH_SegmentIntersect,segment,intersect,False,,override,,segment_intersect,SAM_GH_SegmentIntersect,svg/segment_intersect.svg,07 Geometry,integrated
GeometryCreateShell,Geometry.CreateShell,Geometry.CreateShell,SAM,Geometry,SAM.Geometry.Grasshopper,Grasshopper/SAM.Geometry.Grasshopper/Component/GeometryCreateShell.cs,a8f6aecc-9c98-4860-bb54-0ebfb7b1b2cc,component,,False,SAM_GH_ShellCreate,shell,create,False,,rule,,shell_create,SAM_GH_ShellCreate,svg/shell_create.svg,07 Geometry,integrated
SAMGeometryCreateShellsByTopAndBottom,Geometry.CreateShellsByTopAndBottom,Geometry.CreateShellsByTopAndBottom,SAM,Geometry,SAM.Geometry.Grasshopper,Grasshopper/SAM.Geometry.Grasshopper/Component/SAMGeometryCreateShellsByTopAndBottom.cs,6de25be1-4ffe-400b-8110-6815cb932b66,component,,False,SAM_GH_ShellPluralCreate,shell,create,True,,rule,,shell_plural_create,SAM_GH_ShellPluralCreate,svg/shell_plural_create.svg,07 Geometry,integrated
SAMAnalyticalCreateShells,SAMAnalytical.CreateShells,SAMAnalytical.CreateShells,SAM,Analytical01,SAM.Analytical.Grasshopper,Grasshopper/SAM.Analytical.Grasshopper/Component/SAMAnalyticalCreateShells.cs,0bd2351f-f558-471a-b212-05c757c0e33f,component,,False,SAM_GH_ShellPluralCreate,shell,create,True,,override,,shell_plural_create,SAM_GH_ShellPluralCreate,svg/shell_plural_create.svg,07 Geometry,integrated
SAMAnalyticalCreateShellsByElevations,SAMAnalytical.CreateShellsByElevations,SAMAnalytical.CreateShellsByElevations,SAM,Analytical01,SAM.Analytical.Grasshopper,Grasshopper/SAM.Analytical.Grasshopper/Component/SAMAnalyticalCreateShellsByElevations.cs,bf6c81c7-9169-4fa6-8da4-1ecfdb792ce6,component,,False,SAM_GH_ShellPluralCreate,shell,create,True,,override,,shell_plural_create,SAM_GH_ShellPluralCreate,svg/shell_plural_create.svg,07 Geometry,integrated
SAMAnalyticalCreateShellsByElevationsAndAuxiliaryElevations,SAMAnalytical.CreateShellsByElevationsAndAuxiliaryElevations,SAMAnalytical.CreateShellsByElevationsAndAuxiliaryElevations,SAM,Analytical01,SAM.Analytical.Grasshopper,Grasshopper/SAM.Analytical.Grasshopper/Component/SAMAnalyticalCreateShellsByElevationsAndAuxiliaryElevations.cs,e26f2513-a0ab-42bd-a57a-c28b9c95bb41,component,,False,SAM_GH_ShellPluralCreate,shell,create,True,,override,,shell_plural_create,SAM_GH_ShellPluralCreate,svg/shell_plural_create.svg,07 Geometry,integrated
SAMGeometryCreateShellsByElevations,SAMGeometry.CreateShellsByElevations,SAMGeometry.CreateShellsByElevations,SAM,Geometry,SAM.Geometry.Grasshopper,Grasshopper/SAM.Geometry.Grasshopper/Component/SAMGeometryCreateShellsByElevations.cs,6b077a21-ef00-425c-8e8c-c4755aa9d911,component,,False,SAM_GH_ShellPluralCreate,shell,create,True,,rule,,shell_plural_create,SAM_GH_ShellPluralCreate,svg/shell_plural_create.svg,07 Geometry,integrated
GeometryModifyDifference,Geometry.ModifyDifference,Geometry.ModifyDifference,SAM,Geometry,SAM.Geometry.Grasshopper,Grasshopper/SAM.Geometry.Grasshopper/Component/GeometryModifyDifference.cs,c6fe3fd3-ccf8-445b-b73b-2b9c7a3f45ad,component,,False,SAM_GH_ShellDifference,shell,difference,False,,override,,shell_difference,SAM_GH_ShellDifference,svg/shell_difference.svg,07 Geometry,integrated
SAMGeometryShellDifference,SAMGeometry.ShellDifference,SAMGeometry.ShellDifference,SAM,Geometry,SAM.Geometry.Grasshopper,Grasshopper/SAM.Geometry.Grasshopper/Component/SAMGeometryShellDifference.cs,94103e96-feb1-419b-a98a-cd9b92d6149a,component,,False,SAM_GH_ShellDifference,shell,difference,False,,override,,shell_difference,SAM_GH_ShellDifference,svg/shell_difference.svg,07 Geometry,integrated
GeometryFilterShells,Geometry.FilterShells,Geometry.FilterShells,SAM,Geometry,SAM.Geometry.Grasshopper,Grasshopper/SAM.Geometry.Grasshopper/Component/GeometryFilterShells.cs,0e203065-42a7-4cb7-ab85-a6fa69a36839,component,,False,SAM_GH_ShellPluralFilter,shell,filter,True,,rule,,shell_plural_filter,SAM_GH_ShellPluralFilter,svg/shell_plural_filter.svg,07 Geometry,integrated
GeometryGetShellsByPoint3D,Geometry.GetShellsByPoint3D,Geometry.GetShellsByPoint3D,SAM,Geometry,SAM.Geometry.Grasshopper,Grasshopper/SAM.Geometry.Grasshopper/Component/GeometryGetShellsByPoint3D.cs,5425d027-18d3-4694-ac5c-c995f8302231,component,,False,SAM_GH_ShellPluralGet,shell,get,True,,rule,,shell_plural_get,SAM_GH_ShellPluralGet,svg/shell_plural_get.svg,07 Geometry,integrated
GeometryGetShellsByPoint3Ds,Geometry.GetShellsByPoint3Ds,Geometry.GetShellsByPoint3Ds,SAM,Geometry,SAM.Geometry.Grasshopper,Grasshopper/SAM.Geometry.Grasshopper/Component/GeometryGetShellsByPoint3Ds.cs,b77f9aed-1d89-485f-a534-ed3a7cf14daf,component,,False,SAM_GH_ShellPluralGet,shell,get,True,,rule,,shell_plural_get,SAM_GH_ShellPluralGet,svg/shell_plural_get.svg,07 Geometry,integrated
GeometryModifyIntersection,Geometry.ModifyIntersection,Geometry.tuples_LinearRing,SAM,Geometry,SAM.Geometry.Grasshopper,Grasshopper/SAM.Geometry.Grasshopper/Component/GeometryModifyIntersection.cs,c8abbba4-bfc7-4d7f-a6cb-0afd6f422ed5,component,,False,SAM_GH_ShellIntersect,shell,intersect,False,,override,,shell_intersect,SAM_GH_ShellIntersect,svg/shell_intersect.svg,07 Geometry,integrated
SAMGeometryShellIntersection,SAMGeometry.ShellIntersection,SAMGeometry.ShellIntersection,SAM,Geometry,SAM.Geometry.Grasshopper,Grasshopper/SAM.Geometry.Grasshopper/Component/SAMGeometryShellIntersection.cs,888f1b6c-58ff-4cae-8944-7a8a15abc209,component,,False,SAM_GH_ShellIntersect,shell,intersect,False,,override,,shell_intersect,SAM_GH_ShellIntersect,svg/shell_intersect.svg,07 Geometry,integrated
SAMGeometryCreateShellsByOffset,SAMGeometry.CreateShellsByOffset,SAMGeometry.CreateShellsByOffset,SAM,Geometry,SAM.Geometry.Grasshopper,Grasshopper/SAM.Geometry.Grasshopper/Component/SAMGeometryCreateShellsByOffset.cs,2c4f550a-10ad-4d66-a6a3-bf8ad1eeb93d,component,,False,SAM_GH_ShellOffset,shell,offset,False,,override,,shell_offset,SAM_GH_ShellOffset,svg/shell_offset.svg,07 Geometry,integrated
SAMGeometryCutShell,Geometry.CutShell,Geometry.CutShell,SAM,Geometry,SAM.Geometry.Grasshopper,Grasshopper/SAM.Geometry.Grasshopper/Component/SAMGeometryCutShell.cs,86f1a382-5e52-48ef-a374-9e8d580fe112,component,,False,SAM_GH_ShellSplit,shell,split,False,,override,,shell_split,SAM_GH_ShellSplit,svg/shell_split.svg,07 Geometry,integrated
SAMGeometryShellsSplit,SAMGeometry.ShellsSplit,SAMGeometry.ShellsSplit,SAM,Geometry,SAM.Geometry.Grasshopper,Grasshopper/SAM.Geometry.Grasshopper/Component/SAMGeometryShellsSplit.cs,f6311255-eda1-46cc-acdf-0b6729129be4,component,,False,SAM_GH_ShellSplit,shell,split,False,,override,,shell_split,SAM_GH_ShellSplit,svg/shell_split.svg,07 Geometry,integrated
SAMGeometryShellsSplitByFace3Ds,SAMGeometry.ShellsSplitByFace3Ds,SAMGeometry.ShellsSplitByFace3Ds,SAM,Geometry,SAM.Geometry.Grasshopper,Grasshopper/SAM.Geometry.Grasshopper/Component/SAMGeometryShellsSplitByFace3Ds.cs,6fae49ec-6025-4416-bf3b-1a9e0860a876,component,,False,SAM_GH_ShellSplit,shell,split,False,,override,,shell_split,SAM_GH_ShellSplit,svg/shell_split.svg,07 Geometry,integrated
GeometryModifyUnion,Geometry.ModifyUnion,Geometry.ModifyUnion,SAM,Geometry,SAM.Geometry.Grasshopper,Grasshopper/SAM.Geometry.Grasshopper/Component/GeometryModifyUnion.cs,3761b676-5491-4c1f-a687-9cfe505bb6d7,component,,False,SAM_GH_ShellPluralUnion,shell,union,True,,override,,shell_plural_union,SAM_GH_ShellPluralUnion,svg/shell_plural_union.svg,07 Geometry,integrated
SAMGeometryShellsUnion,SAMGeometry.ShellsUnion,SAMGeometry.ShellsUnion,SAM,Geometry,SAM.Geometry.Grasshopper,Grasshopper/SAM.Geometry.Grasshopper/Component/SAMGeometryShellsUnion.cs,69353698-4a57-4eb4-995a-de7c6f94b60e,component,,False,SAM_GH_ShellPluralUnion,shell,union,True,,override,,shell_plural_union,SAM_GH_ShellPluralUnion,svg/shell_plural_union.svg,07 Geometry,integrated
SAMGeometryIsClosed,SAMGeometry.IsClosed,SAMGeometry.IsClosed,SAM,Geometry,SAM.Geometry.Grasshopper,Grasshopper/SAM.Geometry.Grasshopper/Component/SAMGeometryIsClosed.cs,594419a2-307a-4694-95c4-2fdd588ca6e5,component,,False,SAM_GH_ShellValidate,shell,validate,False,,override,,shell_validate,SAM_GH_ShellValidate,svg/shell_validate.svg,07 Geometry,integrated
SAMGeometryShellContains,SAMGeometry.ShellContains,SAMGeometry.ShellContains,SAM,Geometry,SAM.Geometry.Grasshopper,Grasshopper/SAM.Geometry.Grasshopper/Component/SAMGeometryShellContains.cs,981a3a3a-60ec-49af-89e1-42497b6164f9,component,,False,SAM_GH_ShellValidate,shell,validate,False,,override,,shell_validate,SAM_GH_ShellValidate,svg/shell_validate.svg,07 Geometry,integrated
CreateSAMTransform3DOriginToPlane,Create.SAMTransform3DOriginToPlane,Create.Transoform3DOriginToPlane,SAM,Geometry,SAM.Geometry.Grasshopper,Grasshopper/SAM.Geometry.Grasshopper/Component/CreateSAMTransform3DOriginToPlane.cs,ae182b63-cfdb-4a83-a466-9d1bc1eb42f1,component,,False,SAM_GH_Transform3DCreate,transform3D,create,False,,override,,transform3D_create,SAM_GH_Transform3DCreate,svg/transform3D_create.svg,07 Geometry,integrated
CreateSAMTransform3DPlaneToOrigin,Create.SAMTransform3DPlaneToOrigin,Create.Transoform3DPlaneToOrigin,SAM,Geometry,SAM.Geometry.Grasshopper,Grasshopper/SAM.Geometry.Grasshopper/Component/CreateSAMTransform3DPlaneToOrigin.cs,e225dce6-2be1-4244-ae27-232f615337d3,component,,False,SAM_GH_Transform3DCreate,transform3D,create,False,,override,,transform3D_create,SAM_GH_Transform3DCreate,svg/transform3D_create.svg,07 Geometry,integrated
CreateSAMTransform3DPlaneToPlane,Create.SAMTransform3DPlaneToPlane,Create.Transoform3DPlaneToPlane,SAM,Geometry,SAM.Geometry.Grasshopper,Grasshopper/SAM.Geometry.Grasshopper/Component/CreateSAMTransform3DPlaneToPlane.cs,691344f1-4b41-469f-8bf2-36c46450c611,component,,False,SAM_GH_Transform3DCreate,transform3D,create,False,,override,,transform3D_create,SAM_GH_Transform3DCreate,svg/transform3D_create.svg,07 Geometry,integrated
SAMAnalyticalExternalVector3D,SAMAnalytical.ExternalVector3D,SAMAnalytical.ExternalVector3D,SAM,Analytical01,SAM.Analytical.Grasshopper,Grasshopper/SAM.Analytical.Grasshopper/Component/SAMAnalyticalExternalVector3D.cs,fc163ed0-4757-44c3-964a-d2f6985e60f0,component,,False,SAM_GH_VectorGet,vector,get,False,,override,,vector_get,SAM_GH_VectorGet,svg/vector_get.svg,07 Geometry,integrated
SAMCoreCreateAddress,SAMCore.CreateAddress,SAMCore.CreateAddress,SAM,Core,SAM.Core.Grasshopper,Grasshopper/SAM.Core.Grasshopper/Component/SAMCoreCreateAddress.cs,9acfb75a-f2b3-490e-bd20-9e6b960351b1,component,,False,SAM_GH_AddressCreate,address,create,False,,rule,,address_create,SAM_GH_AddressCreate,svg/address_create.svg,"08 Weather, location & time",integrated
SAMCoreDayOfYearToHourOfYear,SAMCore.DayOfYearToHourOfYear,SAMCore.DayOfYearToHourOfYear,SAM,Core,SAM.Core.Grasshopper,Grasshopper/SAM.Core.Grasshopper/Component/SAMCoreDayOfYearToHourOfYear.cs,9cc0c531-cfde-4927-87df-61c56a18f4fc,component,GH_Exposure.primary,False,SAM_GH_CalendarConvert,calendar,convert,False,,override,,calendar_convert,SAM_GH_CalendarConvert,svg/calendar_convert.svg,"08 Weather, location & time",integrated
SAMAnalyticalHourOfYearToDateTime,SAMAnalytical.HourOfYearToDateTime,SAMAnalytical.HourOfYearToDateTime,SAM,Analytical02,SAM.Analytical.Grasshopper,Grasshopper/SAM.Analytical.Grasshopper/Component/SAMAnalyticalHourOfYearToDateTime.cs,0906bada-8e37-49f9-aa8f-dc7b4d42ff06,component,GH_Exposure.tertiary | GH_Exposure.obscure,False,SAM_GH_ClockConvert,clock,convert,False,,override,,clock_convert,SAM_GH_ClockConvert,svg/clock_convert.svg,"08 Weather, location & time",integrated
SAMCoreDateTimeToHourOfYear,SAMCore.DateTimeToHourOfYear,SAMCore.DateTimeToHourOfYear,SAM,Core,SAM.Core.Grasshopper,Grasshopper/SAM.Core.Grasshopper/Component/SAMCoreDateTimeToHourOfYear.cs,7196e29d-75b4-461c-b484-e1845701cf24,component,GH_Exposure.primary,False,SAM_GH_ClockConvert,clock,convert,False,,override,,clock_convert,SAM_GH_ClockConvert,svg/clock_convert.svg,"08 Weather, location & time",integrated
SAMCorePeriod,SAMCore.Period,SAMCore.Period,SAM,Core,SAM.Core.Grasshopper,Grasshopper/SAM.Core.Grasshopper/Component/SAMCorePeriod.cs,e22b6c3b-818e-4dcb-8c27-b22c30de083d,component,,False,SAM_GH_ClockValue,clock,value,False,,override,,clock_value,SAM_GH_ClockValue,svg/clock_value.svg,"08 Weather, location & time",integrated
SAMAnalyticalRoundAzimuth,SAMAnalytical.RoundAzimuth,SAMAnalytical.RoundAzimuth,SAM,SAM,SAM.Analytical.Grasshopper,Grasshopper/SAM.Analytical.Grasshopper/Component/SAMAnalyticalRoundAzimuth.cs,e2426ad0-6206-4307-bb26-d0030221d8f0,component,GH_Exposure.primary,False,SAM_GH_CompassModify,compass,modify,False,,override,,compass_modify,SAM_GH_CompassModify,svg/compass_modify.svg,"08 Weather, location & time",integrated
SAMCoreDirection,SAMCore.Direction,SAMCore.Direction,SAM,Core,SAM.Core.Grasshopper,Grasshopper/SAM.Core.Grasshopper/Component/SAMCoreDirection.cs,4ac990e2-e42c-4b4c-b336-b45763f0a9cd,component,,False,SAM_GH_CompassValue,compass,value,False,,override,,compass_value,SAM_GH_CompassValue,svg/compass_value.svg,"08 Weather, location & time",integrated
SAMAnalyticalDesignDays,SAMAnalytical.DesignDays,SAMAnalytical.DesignDays,SAM,Weather,SAM.Analytical.Grasshopper,Grasshopper/SAM.Analytical.Grasshopper/Component/SAMAnalyticalDesignDays.cs,69dd59a0-5c42-416e-8014-9d24caa75e28,component,,False,SAM_GH_DesignDayPluralCreate,designDay,create,True,,override,,designDay_plural_create,SAM_GH_DesignDayPluralCreate,svg/designDay_plural_create.svg,"08 Weather, location & time",integrated
SAMCoreCreateLocation,SAMCore.CreateLocation,SAMCore.CreateLocation,SAM,Core,SAM.Core.Grasshopper,Grasshopper/SAM.Core.Grasshopper/Component/SAMCoreCreateLocation.cs,3b78dc09-962a-48a4-9631-ef5858eb623f,component,,False,SAM_GH_LocationCreate,location,create,False,,rule,,location_create,SAM_GH_LocationCreate,svg/location_create.svg,"08 Weather, location & time",integrated
SAMAnalyticalSetLocation,SAMAnalytical.SetLocation,SAMAnalytical.SetLocation,SAM,Analytical03,SAM.Analytical.Grasshopper,Grasshopper/SAM.Analytical.Grasshopper/Component/SAMAnalyticalSetLocation.cs,e8b1bccf-08c2-40b7-9463-82d60348ccea,component,GH_Exposure.primary,False,SAM_GH_LocationSet,location,set,False,,override,,location_set,SAM_GH_LocationSet,svg/location_set.svg,"08 Weather, location & time",integrated
SAMCoreCoutryCode,SAMCore.CoutryCode,SAMCore.CoutryCode,SAM,Core,SAM.Core.Grasshopper,Grasshopper/SAM.Core.Grasshopper/Component/SAMCoreCountryCode.cs,24cc64c7-ac78-424a-914c-49166de992f3,component,,False,SAM_GH_LocationValue,location,value,False,,override,,location_value,SAM_GH_LocationValue,svg/location_value.svg,"08 Weather, location & time",integrated
SAMWeatherWeatherHoursByHourOfYear,SAMWeather.WeatherHoursByHourOfYear,SAMWeather.WeatherHoursByHourOfYear,SAM,Weather,SAM.Weather.Grasshopper,Grasshopper/SAM.Weather.Grasshopper/Component/SAMWeatherWeatherHoursByHourOfYear.cs,06211b65-b74d-4dca-9ce0-684048751355,component,,False,SAM_GH_WeatherDataFilter,weatherData,filter,False,,override,,weatherData_filter,SAM_GH_WeatherDataFilter,svg/weatherData_filter.svg,"08 Weather, location & time",integrated
SAMWeatherWeatherHoursByPercentage,SAMWeather.WeatherHoursByPercentage,SAMWeather.WeatherHoursByPercentage,SAM,Weather,SAM.Weather.Grasshopper,Grasshopper/SAM.Weather.Grasshopper/Component/SAMWeatherWeatherHoursByPercentage.cs,b033c6fd-a633-4d11-9edf-e44f7e61f915,component,,False,SAM_GH_WeatherDataFilter,weatherData,filter,False,,override,,weatherData_filter,SAM_GH_WeatherDataFilter,svg/weatherData_filter.svg,"08 Weather, location & time",integrated
SAMAnalyticalHourlyValues,SAMAnalytical.HourlyValues,SAMAnalytical.HourlyValues,SAM,Analytical02,SAM.Analytical.Grasshopper,Grasshopper/SAM.Analytical.Grasshopper/Component/SAMAnalyticalHourlyValues.cs,e8e29842-bb9a-4f90-9d67-488fc4b321fa,component,GH_Exposure.primary,False,SAM_GH_WeatherDataPluralGet,weatherData,get,True,,override,,weatherData_plural_get,SAM_GH_WeatherDataPluralGet,svg/weatherData_plural_get.svg,"08 Weather, location & time",integrated
SAMWeatherHourlyValue,SAMWeather.HourlyValue,SAMWeather.HourlyValue,SAM,Weather,SAM.Weather.Grasshopper,Grasshopper/SAM.Weather.Grasshopper/Component/SAMWeatherHourlyValue.cs,d4ec104c-a780-4b7d-87f5-86594cd54f7c,component,,False,SAM_GH_WeatherDataGet,weatherData,get,False,,override,,weatherData_get,SAM_GH_WeatherDataGet,svg/weatherData_get.svg,"08 Weather, location & time",integrated
SAMWeatherHourlyValues,SAMWeather.HourlyValues,SAMWeather.HourlyValues,SAM,Weather,SAM.Weather.Grasshopper,Grasshopper/SAM.Weather.Grasshopper/Component/SAMWeatherHourlyValues.cs,5eb4f4b5-23db-47c4-bc54-bc159e7c05ce,component,GH_Exposure.primary,False,SAM_GH_WeatherDataPluralGet,weatherData,get,True,,override,,weatherData_plural_get,SAM_GH_WeatherDataPluralGet,svg/weatherData_plural_get.svg,"08 Weather, location & time",integrated
SAMAnalyticalLoadWeatherData,SAMAnalytical.LoadWeatherData,SAMAnalytical.LoadWeatherData,SAM,Weather,SAM.Analytical.Grasshopper,Grasshopper/SAM.Analytical.Grasshopper/Component/SAMAnalyticalLoadWeatherData.cs,c12e8e5e-98c8-4667-a8a1-5aee2024ef3a,component,,False,SAM_GH_WeatherDataImport,weatherData,import,False,,override,,weatherData_import,SAM_GH_WeatherDataImport,svg/weatherData_import.svg,"08 Weather, location & time",integrated
SAMWeatherHourlyModifyWeatherData,SAMWeather.ModifyWeatherData,SAMWeather.ModifyWeatherData,SAM,Weather,SAM.Weather.Grasshopper,Grasshopper/SAM.Weather.Grasshopper/Component/SAMWeatherHourlyModifyWeatherData.cs,309f2026-f4e9-45eb-aa77-2cb33e95e030,component,GH_Exposure.primary,False,SAM_GH_WeatherDataModify,weatherData,modify,False,,override,,weatherData_modify,SAM_GH_WeatherDataModify,svg/weatherData_modify.svg,"08 Weather, location & time",integrated
SAMAnalyticalWeatherDataType,SAMWeather.WeatherDataType,SAMWeather.WeatherDataType,SAM,Weather,SAM.Weather.Grasshopper,Grasshopper/SAM.Weather.Grasshopper/Component/SAMWeatherWeatherDataType.cs,d41c0352-d17c-43d8-962d-ef05ad8d9343,component,,False,SAM_GH_WeatherDataValue,weatherData,value,False,,override,,weatherData_value,SAM_GH_WeatherDataValue,svg/weatherData_value.svg,"08 Weather, location & time",integrated
SAMCoreARGBToUint,ARGBToUint,ARGBToUint,SAM,Core,SAM.Core.Grasshopper,Grasshopper/SAM.Core.Grasshopper/Component/SAMCoreARGBToUint.cs,6a4a2960-7785-422a-8e8d-28eee765d8f6,component,,False,SAM_GH_ColourConvert,colour,convert,False,,override,,colour_convert,SAM_GH_ColourConvert,svg/colour_convert.svg,"09 Data, IO & utilities",integrated
SAMCoreColorToUint,ColorToUint,ColorToUint,SAM,Core,SAM.Core.Grasshopper,Grasshopper/SAM.Core.Grasshopper/Component/SAMCoreColorToUint.cs,2881e07c-ad70-42d1-bd9c-4fb5130bf453,component,,False,SAM_GH_ColourConvert,colour,convert,False,,override,,colour_convert,SAM_GH_ColourConvert,svg/colour_convert.svg,"09 Data, IO & utilities",integrated
SAMCoreUintToARGB,UintToARGB,UintToARGB,SAM,Core,SAM.Core.Grasshopper,Grasshopper/SAM.Core.Grasshopper/Component/SAMCoreUintToARGB.cs,2c9f752f-a14e-4cc5-9503-bd7b0e779207,component,,False,SAM_GH_ColourConvert,colour,convert,False,,override,,colour_convert,SAM_GH_ColourConvert,svg/colour_convert.svg,"09 Data, IO & utilities",integrated
SAMCoreUintToColor,UintToColor,UintToColor,SAM,Core,SAM.Core.Grasshopper,Grasshopper/SAM.Core.Grasshopper/Component/SAMCoreUintToColor.cs,6082a0b1-1504-4428-b665-bb1ce02a3e2a,component,,False,SAM_GH_ColourConvert,colour,convert,False,,override,,colour_convert,SAM_GH_ColourConvert,svg/colour_convert.svg,"09 Data, IO & utilities",integrated
SAMAnalyticalDefaultColorByPanelType,SAMAnalytical.DefaultColor,SAMAnalytical.DefaultColor,SAM,Analytical01,SAM.Analytical.Grasshopper,Grasshopper/SAM.Analytical.Grasshopper/Component/SAMAnalyticalDefaultColorByPanelType.cs,f233a26a-2eff-44be-bd5d-aefd0cbba6c8,component,GH_Exposure.primary,False,SAM_GH_ColourGet,colour,get,False,,override,,colour_get,SAM_GH_ColourGet,svg/colour_get.svg,"09 Data, IO & utilities",integrated
SAMHydraExportFile,SAMHydra.ExportFile,SAMHydra.ExportFile,SAM,Hydra,SAM.Core.Grasshopper,Grasshopper/SAM.Core.Grasshopper/Component/SAMHydraExportFile.cs,e728a90f-a7e0-47e1-b45b-6e2a96222d1d,component,GH_Exposure.primary,False,SAM_GH_FileExport,file,export,False,,override,,file_export,SAM_GH_FileExport,svg/file_export.svg,"09 Data, IO & utilities",integrated
SAMCoreToFile,ToFile,ToFile,SAM,Core,SAM.Core.Grasshopper,Grasshopper/SAM.Core.Grasshopper/Component/SAMCoreToFile.cs,82599e6b-f17f-4bd9-89bd-e9b85abefe79,component,,False,SAM_GH_FileExport,file,export,False,,override,,file_export,SAM_GH_FileExport,svg/file_export.svg,"09 Data, IO & utilities",integrated
SAMCoreFromFile,FromFile,FromFile,SAM,Core,SAM.Core.Grasshopper,Grasshopper/SAM.Core.Grasshopper/Component/SAMCoreFromFile.cs,8d707fea-66c5-48d4-8221-d7681b94b54a,component,,False,SAM_GH_FileImport,file,import,False,,override,,file_import,SAM_GH_FileImport,svg/file_import.svg,"09 Data, IO & utilities",integrated
SAMAnalyticalFiles,SAMAnalytical.Files,SAMAnalytical.Files,SAM,Analytical03,SAM.Analytical.Grasshopper,Grasshopper/SAM.Analytical.Grasshopper/Component/SAMAnalyticalFiles.cs,705815e6-359b-491a-8cb8-6931a8f068a1,component,GH_Exposure.primary,False,SAM_GH_FileList,file,list,False,,override,,file_list,SAM_GH_FileList,svg/file_list.svg,"09 Data, IO & utilities",integrated
SAMAnalyticalPaths,SAMAnalytical.Paths,SAMAnalytical.Paths,SAM,Analytical03,SAM.Analytical.Grasshopper,Grasshopper/SAM.Analytical.Grasshopper/Component/SAMAnalyticalPaths.cs,72cc05aa-ce8c-4fe3-ba30-26e2b8d17083,component,GH_Exposure.primary,False,SAM_GH_FolderList,folder,list,False,,override,,folder_list,SAM_GH_FolderList,svg/folder_list.svg,"09 Data, IO & utilities",integrated
SAMCoreSamples,SAMCore.Samples,Core.Samples,SAM,Core,SAM.Core.Grasshopper,Grasshopper/SAM.Core.Grasshopper/Component/SAMCoreSamples.cs,aea07560-4491-4fa7-8f35-ee773775d9f3,component,,False,SAM_Small,folder,list,False,,override,,folder_list,SAM_GH_FolderList,svg/folder_list.svg,"09 Data, IO & utilities",integrated
SAMVersion,SAM.Version,SAM.Version,SAM,About,SAM.Core.Grasshopper,Grasshopper/SAM.Core.Grasshopper/Component/SAMVersion.cs,daade535-b454-448b-92db-f92f6a53331a,component,,False,SAM_GH_InfoGet,info,get,False,,override,Version: emblem tile + get,info_get,SAM_GH_InfoGet,svg/info_get.svg,"09 Data, IO & utilities",integrated
SAMCoreAbout,SAM.About,SAM.About,SAM,About,SAM.Core.Grasshopper,Grasshopper/SAM.Core.Grasshopper/Component/SAMCoreAbout.cs,266c727d-0d2c-4592-a483-0761c03fcdb9,component,,False,SAM_GH_InfoValue,info,value,False,,override,About enum: SAM emblem tile + info (identity exception),info_value,SAM_GH_InfoValue,svg/info_value.svg,"09 Data, IO & utilities",integrated
SAMCoreToJson,ToJson,ToJson,SAM,Core,SAM.Core.Grasshopper,Grasshopper/SAM.Core.Grasshopper/Component/SAMCoreToJson.cs,cf66796d-f08e-480b-9a1d-e6b6d500f7a9,component,,False,SAM_GH_JsonExport,json,export,False,,override,,json_export,SAM_GH_JsonExport,svg/json_export.svg,"09 Data, IO & utilities",integrated
SAMCoreFromJson,FromJson,FromJson,SAM,Core,SAM.Core.Grasshopper,Grasshopper/SAM.Core.Grasshopper/Component/SAMCoreFromJson.cs,6d595ec1-d617-424c-92fa-6332250d94e1,component,,False,SAM_GH_JsonImport,json,import,False,,override,,json_import,SAM_GH_JsonImport,svg/json_import.svg,"09 Data, IO & utilities",integrated
SAMCoreToList,ToList,ToList,SAM,Core,SAM.Core.Grasshopper,Grasshopper/SAM.Core.Grasshopper/Component/SAMCoreToList.cs,77ca33e8-c4b1-4a75-8b15-c376f06a52bc,component,,False,SAM_GH_ListConvert,list,convert,False,,override,,list_convert,SAM_GH_ListConvert,svg/list_convert.svg,"09 Data, IO & utilities",integrated
SAMAnalyticalGetSortedKeys,SAMAnalytical.GetSortedKeys,SAMAnalytical.GetSortedKeys,SAM,Analytical02,SAM.Analytical.Grasshopper,Grasshopper/SAM.Analytical.Grasshopper/Component/SAMAnalyticalGetSortedKeys.cs,8c1f7b9c-27d3-471c-b358-72df4a9c379a,component,,False,SAM_GH_ListSort,list,sort,False,,override,,list_sort,SAM_GH_ListSort,svg/list_sort.svg,"09 Data, IO & utilities",integrated
SAMCoreError,SAMCore.Error,SAMCore.Error,SAM,Core,SAM.Core.Grasshopper,Grasshopper/SAM.Core.Grasshopper/Component/SAMCoreError.cs,2e22b191-a0f9-4656-b825-a49754e01a00,component,GH_Exposure.primary,False,SAM_GH_LogError,log,error,False,,override,,log_error,SAM_GH_LogError,svg/log_error.svg,"09 Data, IO & utilities",integrated
SAMCoreLogToFile,LogToFile,LogToFile,SAM,Core,SAM.Core.Grasshopper,Grasshopper/SAM.Core.Grasshopper/Component/SAMCoreLogToFile.cs,00040931-e373-445e-8101-2f8cc875ac71,component,,False,SAM_GH_LogExport,log,export,False,,override,,log_export,SAM_GH_LogExport,svg/log_export.svg,"09 Data, IO & utilities",integrated
SAMCoreSelectByName,SelectByName,SelectByName,SAM,Core,SAM.Core.Grasshopper,Grasshopper/SAM.Core.Grasshopper/Component/SAMCoreSelectByName.cs,459800dc-ca28-4b84-84c1-7baab93850df,component,,False,SAM_GH_NameFilter,name,filter,False,,override,,name_filter,SAM_GH_NameFilter,svg/name_filter.svg,"09 Data, IO & utilities",integrated
SAMCoreGetNames,GetNames,GetNames,SAM,Core,SAM.Core.Grasshopper,Grasshopper/SAM.Core.Grasshopper/Component/SAMCoreGetNames.cs,f4c20cb7-3483-4184-b762-debb8fda73cd,component,,False,SAM_GH_NameGet,name,get,False,,override,,name_get,SAM_GH_NameGet,svg/name_get.svg,"09 Data, IO & utilities",integrated
SAMAnalyticalFixNames,SAMAnalytical.FixNames,SAMAnalytical.FixNames,SAM,Analytical01,SAM.Analytical.Grasshopper,Grasshopper/SAM.Analytical.Grasshopper/Component/SAMAnalyticalFixNames.cs,118794ac-53f5-47c4-902f-cf17deb97573,component,GH_Exposure.primary,False,SAM_GH_NameModify,name,modify,False,,override,,name_modify,SAM_GH_NameModify,svg/name_modify.svg,"09 Data, IO & utilities",integrated
SAMAnalyticalUpdateName,SAMAnalytical.UpdateName,SAMAnalytical.UpdateName,SAM,Analytical04,SAM.Analytical.Grasshopper,Grasshopper/SAM.Analytical.Grasshopper/Component/SAMAnalyticalUpdateName.cs,0b0477b3-da2c-4041-91dd-17287007ee15,component,,False,SAM_GH_NameUpdate,name,update,False,,override,,name_update,SAM_GH_NameUpdate,svg/name_update.svg,"09 Data, IO & utilities",integrated
SAMAnalyticalUpdateSpaceNames,SAMAnalytical.UpdateSpaceNames,SAMAnalytical.UpdateSpaceNames,SAM,Analytical04,SAM.Analytical.Grasshopper,Grasshopper/SAM.Analytical.Grasshopper/Component/SAMAnalyticalUpdateSpaceNames.cs,b8d42e3b-ed13-41b9-b2b9-21c172f61b0b,component,GH_Exposure.primary,False,SAM_GH_NamePluralUpdate,name,update,True,,override,,name_plural_update,SAM_GH_NamePluralUpdate,svg/name_plural_update.svg,"09 Data, IO & utilities",integrated
SAMCoreNumberFilter,SAMCore.NumberFilter,SAMCore.NumberFilter,SAM,Core,SAM.Core.Grasshopper,Grasshopper/SAM.Core.Grasshopper/Component/SAMCoreNumberFilter.cs,76306bf0-b1a2-428a-a40c-9036c1e02058,component,GH_Exposure.primary,False,SAM_GH_NumberFilter,number,filter,False,,override,,number_filter,SAM_GH_NumberFilter,svg/number_filter.svg,"09 Data, IO & utilities",integrated
SAMCoreRound,SAMCore.Round,SAMCore.Round,SAM,Core,SAM.Core.Grasshopper,Grasshopper/SAM.Core.Grasshopper/Component/SAMCoreRound.cs,2d4ea6b2-1a50-4463-b0f5-0773fb788292,component,GH_Exposure.primary,False,SAM_GH_NumberModify,number,modify,False,,override,,number_modify,SAM_GH_NumberModify,svg/number_modify.svg,"09 Data, IO & utilities",integrated
SAMCoreNumberComparisonType,SAMCore.NumberComparisonType,SAMCore.NumberComparisonType,SAM,Core,SAM.Core.Grasshopper,Grasshopper/SAM.Core.Grasshopper/Component/SAMCoreNumberComparisonType.cs,4232f771-1d7f-4bf9-a07c-3ac868a82812,component,,False,SAM_GH_NumberValue,number,value,False,,override,,number_value,SAM_GH_NumberValue,svg/number_value.svg,"09 Data, IO & utilities",integrated
SAMCoreSAMLibraryAddObjects,SAMLibrary.AddObjects,SAMLibrary.AddObjects,SAM,Core,SAM.Core.Grasshopper,Grasshopper/SAM.Core.Grasshopper/Component/SAMCoreSAMLibraryAddObjects.cs,d4f5697f-9768-4da3-a1a4-2b830fe5e54d,component,,False,SAM_GH_ObjectLibraryAdd,object,add,False,library,override,,object_library_add,SAM_GH_ObjectLibraryAdd,svg/object_library_add.svg,"09 Data, IO & utilities",integrated
SAMCoreConvert,SAMCore.Convert,SAMCore.Convert,SAM,Core,SAM.Core.Grasshopper,Grasshopper/SAM.Core.Grasshopper/Component/SAMCoreConvert.cs,b06eefea-cf86-49a9-b805-2463a20b41c6,component,GH_Exposure.primary,False,SAM_GH_ObjectConvert,object,convert,False,,override,,object_convert,SAM_GH_ObjectConvert,svg/object_convert.svg,"09 Data, IO & utilities",integrated
SAMAnalyticalFilter,SAMAnalytical.Filter,SAMAnalytical.Filter,SAM,Analytical01,SAM.Analytical.Grasshopper,Grasshopper/SAM.Analytical.Grasshopper/Component/SAMAnalyticalFilter.cs,dea0cff4-87ca-428b-bf9a-c25d39742180,component,,False,SAM_GH_ObjectFilter,object,filter,False,,override,,object_filter,SAM_GH_ObjectFilter,svg/object_filter.svg,"09 Data, IO & utilities",integrated
SAMAnalyticalFilterByGeometry,SAMAnalytical.FilterByGeometry,SAMAnalytical.FilterByGeometry,SAM,Analytical01,SAM.Analytical.Grasshopper,Grasshopper/SAM.Analytical.Grasshopper/Component/SAMAnalyticalFilterByGeometry.cs,c8a0fb53-360b-4ab7-be97-49336b516847,component,GH_Exposure.primary,False,SAM_Small,object,filter,False,,override,,object_filter,SAM_GH_ObjectFilter,svg/object_filter.svg,"09 Data, IO & utilities",integrated
SAMAnalyticalFilterByPoints,SAMAnalytical.FilterByPoints,SAMAnalytical.FilterByPoints,SAM,Analytical01,SAM.Analytical.Grasshopper,Grasshopper/SAM.Analytical.Grasshopper/Component/SAMAnalyticalFilterByPoints.cs,be65e704-b18c-4f31-a322-de789d49ba69,component,GH_Exposure.primary,False,SAM_Small,object,filter,False,,override,,object_filter,SAM_GH_ObjectFilter,svg/object_filter.svg,"09 Data, IO & utilities",integrated
SAMAnalyticalGetDefaultLibrary,SAMAnalytical.GetDefaultLibrary,SAMAnalytical.GetDefaultLibrary,SAM,Analytical01,SAM.Analytical.Grasshopper,Grasshopper/SAM.Analytical.Grasshopper/Component/SAMAnalyticalGetDefaultLibrary.cs,684d0e03-79ce-4427-b1dc-bde4105f03d4,component,GH_Exposure.primary,False,SAM_GH_ObjectLibraryGet,object,get,False,library,override,,object_library_get,SAM_GH_ObjectLibraryGet,svg/object_library_get.svg,"09 Data, IO & utilities",integrated
SAMAnalyticalObjects,SAMAnalytical.Objects,SAMAnalytical.Objects,SAM,Core,SAM.Analytical.Grasshopper,Grasshopper/SAM.Analytical.Grasshopper/Component/SAMAnalyticalObjects.cs,4a0cde0d-b4e8-4af8-9e84-6d128afe4c47,component,GH_Exposure.primary,False,SAM_GH_ObjectPluralGet,object,get,True,,override,,object_plural_get,SAM_GH_ObjectPluralGet,svg/object_plural_get.svg,"09 Data, IO & utilities",integrated
SAMCoreInspect,Inspect,Inspect,SAM,Core,SAM.Core.Grasshopper,Grasshopper/SAM.Core.Grasshopper/Component/SAMCoreInspect.cs,fe77c7c9-e24b-44d3-9e0b-d40a061cecbe,component,GH_Exposure.tertiary,False,SAM_GH_ObjectInspect,object,inspect,False,,override,,object_inspect,SAM_GH_ObjectInspect,svg/object_inspect.svg,"09 Data, IO & utilities",integrated
SAMAnalyticalModifyObject,SAMAnalytical.ModifyObject,SAMAnalytical.ModifyObject,SAM,Analytical02,SAM.Analytical.Grasshopper,Grasshopper/SAM.Analytical.Grasshopper/Component/SAMAnalyticalModifyObject.cs,069a51b6-9db4-4bbd-8461-6709d12b162f,component,GH_Exposure.primary,False,SAM_GH_ObjectModify,object,modify,False,,override,,object_modify,SAM_GH_ObjectModify,svg/object_modify.svg,"09 Data, IO & utilities",integrated
SAMAnalyticalRemove,SAMAnalytical.Remove,SAMAnalytical.Remove,SAM,Analytical03,SAM.Analytical.Grasshopper,Grasshopper/SAM.Analytical.Grasshopper/Component/SAMAnalyticalRemove.cs,2ae3cd9b-e0bb-4eb6-86f9-02c6a3e0d171,component,,False,SAM_GH_ObjectRemove,object,remove,False,,override,,object_remove,SAM_GH_ObjectRemove,svg/object_remove.svg,"09 Data, IO & utilities",integrated
SAMAnalyticalReplaceObject,SAMAnalytical.ReplaceObject,SAMAnalytical.ReplaceObject,SAM,Analytical03,SAM.Analytical.Grasshopper,Grasshopper/SAM.Analytical.Grasshopper/Component/SAMAnalyticalReplaceObject.cs,492b0921-b271-42f8-93d7-e47c2e577c9d,component,,False,SAM_GH_ObjectUpdate,object,update,False,,override,,object_update,SAM_GH_ObjectUpdate,svg/object_update.svg,"09 Data, IO & utilities",integrated
SAMAnalyticalUpdateLibraries,SAMAnalytical.UpdateLibraries,SAMAnalytical.UpdateLibraries,SAM,Analytical04,SAM.Analytical.Grasshopper,Grasshopper/SAM.Analytical.Grasshopper/Component/SAMAnalyticalUpdateLibraries.cs,0300beb1-0074-4544-8ad1-1b12bff777fd,component,,False,SAM_GH_ObjectLibraryUpdate,object,update,False,library,override,,object_library_update,SAM_GH_ObjectLibraryUpdate,svg/object_library_update.svg,"09 Data, IO & utilities",integrated
SAMCoreReplaceByGuid,SAMCore.ReplaceByGuid,SAMCore.ReplaceByGuid,SAM,Core,SAM.Core.Grasshopper,Grasshopper/SAM.Core.Grasshopper/Component/SAMCoreReplaceByGuid.cs,2d866bb0-298a-4971-b6ca-7fb375a7a243,component,GH_Exposure.primary,False,SAM_GH_ObjectUpdate,object,update,False,,override,,object_update,SAM_GH_ObjectUpdate,svg/object_update.svg,"09 Data, IO & utilities",integrated
SAMCoreUpdate,SAMCore.Update,SAMCore.Update,SAM,SAM,SAM.Core.Grasshopper,Grasshopper/SAM.Core.Grasshopper/Component/SAMCoreUpdate.cs,a89bfee3-3a3c-4d29-9c7a-64073724eddc,component,GH_Exposure.primary,False,SAM_GH_ObjectUpdate,object,update,False,,override,,object_update,SAM_GH_ObjectUpdate,svg/object_update.svg,"09 Data, IO & utilities",integrated
A_SAMAnalytical,SAM.Test,SAM.Test,SAM,SAM.Test,SAM.Analytical.Grasshopper,Grasshopper/SAM.Analytical.Grasshopper/Component/A_SAMAnalytical.cs,206c04c6-5bfe-4af0-8099-db4a90b4e579,component,GH_Exposure.primary,False,SAM_GH_ObjectValidate,object,validate,False,,override,test harness component,object_validate,SAM_GH_ObjectValidate,svg/object_validate.svg,"09 Data, IO & utilities",integrated
SAMCoreRelationClusterAddObjects,RelationCluster.AddObjects,RelationCluster.AddObjects,SAM,Core,SAM.Core.Grasshopper,Grasshopper/SAM.Core.Grasshopper/Component/SAMCoreRelationClusterAddObjects.cs,ef4916c1-4cf3-4b10-872e-405dc8ae96c9,component,GH_Exposure.tertiary | GH_Exposure.hidden,True,SAM_GH_RelationAdd,relation,add,False,,override,,relation_add,SAM_GH_RelationAdd,svg/relation_add.svg,"09 Data, IO & utilities",integrated
SAMAnalyticalRelatedObjects,Analytical.RelatedObjects,Analytical.RelatedObjects,SAM,Analytical03,SAM.Analytical.Grasshopper,Grasshopper/SAM.Analytical.Grasshopper/Component/SAMAnalyticalRelatedObjects.cs,4d3acd0a-63a9-47eb-ae7d-a4961c9d620b,component,GH_Exposure.primary,False,SAM_GH_RelationPluralGet,relation,get,True,,override,,relation_plural_get,SAM_GH_RelationPluralGet,svg/relation_plural_get.svg,"09 Data, IO & utilities",integrated
SAMCoreObjects,RelationCluster.Objects,RelationCluster.Objects,SAM,Core,SAM.Core.Grasshopper,Grasshopper/SAM.Core.Grasshopper/Component/SAMCoreObjects.cs,d291c517-6eec-46ed-8baa-9bd6199e514d,component,GH_Exposure.primary,False,SAM_GH_RelationGet,relation,get,False,,override,,relation_get,SAM_GH_RelationGet,svg/relation_get.svg,"09 Data, IO & utilities",integrated
SAMCoreRelatedObjects,RelationCluster.RelatedObjects,RelationCluster.RelatedObjects,SAM,Core,SAM.Core.Grasshopper,Grasshopper/SAM.Core.Grasshopper/Component/SAMCoreRelatedObjects.cs,2dab6f5d-01fb-42df-90aa-e65a0c0b6ebc,component,GH_Exposure.primary,False,SAM_GH_RelationPluralGet,relation,get,True,,override,,relation_plural_get,SAM_GH_RelationPluralGet,svg/relation_plural_get.svg,"09 Data, IO & utilities",integrated
SAMArchitecturalRelatedObjects,SAMArchitectural.RelatedObjects,SAMArchitectural.RelatedObjects,SAM,Architectural,SAM.Analytical.Grasshopper,Grasshopper/SAM.Analytical.Grasshopper/Component/New/SAMArchitecturalRelatedObjects.cs,d216f2a7-76a4-440e-a5bc-bba209c696b5,component,GH_Exposure.hidden,True,SAM_GH_RelationPluralGet,relation,get,True,,override,,relation_plural_get,SAM_GH_RelationPluralGet,svg/relation_plural_get.svg,"09 Data, IO & utilities",integrated
SAMAnalyticalAddResults,SAMAnalytical.AddResults,SAMAnalytical.AddResults,SAM,Analytical,SAM.Analytical.Grasshopper,Grasshopper/SAM.Analytical.Grasshopper/Component/SAMAnalyticalAddResults.cs,c0312c76-b309-494b-a8e7-8bef5b9efacb,component,GH_Exposure.primary,False,SAM_GH_ResultAdd,result,add,False,,override,,result_add,SAM_GH_ResultAdd,svg/result_add.svg,"09 Data, IO & utilities",integrated
SAMAnalyticalCreateDesignExplorer,SAMAnalytical.CreateDesignExplorer,SAMAnalytical.CreateDesignExplorer,SAM,Analytical,SAM.Analytical.Grasshopper,Grasshopper/SAM.Analytical.Grasshopper/Component/SAMAnalyticalCreateDesignExplorer.cs,5324c64c-7cd4-4298-bcab-d780275c278a,component,GH_Exposure.primary,False,SAM_Small,result,create,False,,override,,result_create,SAM_GH_ResultCreate,svg/result_create.svg,"09 Data, IO & utilities",integrated
SAMCoreCombineResults,SAMCore.CombineResults,SAMCore.CombineResults,SAM,Core,SAM.Core.Grasshopper,Grasshopper/SAM.Core.Grasshopper/Component/SAMCoreCombineValues.cs,a6fdc30b-128e-4cdb-b0e3-ddac3becb717,component,GH_Exposure.primary,False,SAM_GH_ResultMerge,result,merge,False,,override,,result_merge,SAM_GH_ResultMerge,svg/result_merge.svg,"09 Data, IO & utilities",integrated
SAMAnalyticalMergeSettings,SAMAnalytical.MergeSettings,SAMAnalytical.MergeSettings,SAM,Analytical,SAM.Analytical.Grasshopper,Grasshopper/SAM.Analytical.Grasshopper/Component/SAMAnalyticalMergeSettings.cs,7ae83a15-669d-4568-9ef5-4b5eb1fbd37f,component,GH_Exposure.primary,False,SAM_GH_SettingsCreate,settings,create,False,,override,,settings_create,SAM_GH_SettingsCreate,svg/settings_create.svg,"09 Data, IO & utilities",integrated
SAMAnalyticalTypeMergeSettings,SAMAnalytical.TypeMergeSettings,SAMAnalytical.TypeMergeSettings,SAM,Analytical,SAM.Analytical.Grasshopper,Grasshopper/SAM.Analytical.Grasshopper/Component/SAMAnalyticalTypeMergeSettings.cs,32fc68bd-b3c4-4009-8d53-718e96dda2f7,component,GH_Exposure.primary,False,SAM_GH_SettingsCreate,settings,create,False,,override,,settings_create,SAM_GH_SettingsCreate,svg/settings_create.svg,"09 Data, IO & utilities",integrated
SAMCoreCombineType,SAMCore.CombineType,SAMCore.CombineType,SAM,Core,SAM.Core.Grasshopper,Grasshopper/SAM.Core.Grasshopper/Component/SAMCoreCombineType.cs,02f668ca-a859-4168-a020-b434dff7a229,component,,False,SAM_GH_SettingsValue,settings,value,False,,override,,settings_value,SAM_GH_SettingsValue,svg/settings_value.svg,"09 Data, IO & utilities",integrated
SAMCoreCreateDelimitedFileTableBySAMObjects,SAMCore.CreateDelimitedFileTableBySAMObjects,SAMCore.CreateDelimitedFileTableBySAMObjects,SAM,Core,SAM.Core.Grasshopper,Grasshopper/SAM.Core.Grasshopper/Component/SAMCoreCreateDelimitedFileTableBySAMObjects.cs,9b22c1a0-79ed-4962-b728-6279d06470c1,component,GH_Exposure.primary,False,SAM_GH_TableCreate,table,create,False,,override,,table_create,SAM_GH_TableCreate,svg/table_create.svg,"09 Data, IO & utilities",integrated
SAMCoreTableModifier,SAMCore.TableModifier ,SAMCore.TableModifier ,SAM,Core,SAM.Core.Grasshopper,Grasshopper/SAM.Core.Grasshopper/Component/SAMCoreTableModifier.cs,09c0ceb3-2848-44d2-acde-94e01577b0f3,component,GH_Exposure.primary,False,SAM_GH_TableCreate,table,create,False,,override,,table_create,SAM_GH_TableCreate,svg/table_create.svg,"09 Data, IO & utilities",integrated
SAMCoreToCsv,ToCsv,ToCsv,SAM,Core,SAM.Core.Grasshopper,Grasshopper/SAM.Core.Grasshopper/Component/SAMCoreToCsv.cs,2746ba21-b9ba-4b8b-9dc2-5f0f345170f1,component,,False,SAM_GH_TableExport,table,export,False,,override,,table_export,SAM_GH_TableExport,svg/table_export.svg,"09 Data, IO & utilities",integrated
SAMCoreDelimitedFileTableGetValue,DelimitedFileTable.GetValue,DelimitedFileTable.GetValue,SAM,Core,SAM.Core.Grasshopper,Grasshopper/SAM.Core.Grasshopper/Component/SAMCoreDelimitedFileTableGetValue.cs,74746857-b31d-4516-9b58-4a09ae35a844,component,GH_Exposure.primary,False,SAM_GH_TableGet,table,get,False,,override,,table_get,SAM_GH_TableGet,svg/table_get.svg,"09 Data, IO & utilities",integrated
SAMCoreCsvToDelimitedFileTable,Csv.ToDelimitedFileTable,Csv.ToDelimitedFileTable,SAM,Core,SAM.Core.Grasshopper,Grasshopper/SAM.Core.Grasshopper/Component/SAMCoreCsvToDelimitedFileTable.cs,f22b038c-1b26-4371-980d-d894a4b81eea,component,GH_Exposure.primary,False,SAM_GH_TableImport,table,import,False,,override,,table_import,SAM_GH_TableImport,svg/table_import.svg,"09 Data, IO & utilities",integrated
SAMCoreDelimitedFileTableSetColumnNames,DelimitedFileTable.SetColumnNames,DelimitedFileTable.SetColumnNames,SAM,Core,SAM.Core.Grasshopper,Grasshopper/SAM.Core.Grasshopper/Component/SAMCoreDelimitedFileTableSetColumnNames.cs,da578345-a28c-4eb3-918a-6d1d291b976b,component,GH_Exposure.primary,False,SAM_GH_TableSet,table,set,False,,override,,table_set,SAM_GH_TableSet,svg/table_set.svg,"09 Data, IO & utilities",integrated
SAMCoreDelimitedFileTableSetValue,DelimitedFileTable.SetValue,DelimitedFileTable.SetValue,SAM,Core,SAM.Core.Grasshopper,Grasshopper/SAM.Core.Grasshopper/Component/SAMCoreDelimitedFileTableSetValue.cs,1bae2d6d-1535-40c5-b209-3603c3dbcd87,component,GH_Exposure.primary,False,SAM_GH_TableSet,table,set,False,,override,,table_set,SAM_GH_TableSet,svg/table_set.svg,"09 Data, IO & utilities",integrated
SAMCoreDelimitedFileTableSort,DelimitedFileTable.Sort,DelimitedFileTable.Sort,SAM,Core,SAM.Core.Grasshopper,Grasshopper/SAM.Core.Grasshopper/Component/SAMCoreDelimitedFileTableSort.cs,302c2ca3-06ab-421b-a16c-9125e847923e,component,GH_Exposure.primary,False,SAM_GH_TableSort,table,sort,False,,override,,table_sort,SAM_GH_TableSort,svg/table_sort.svg,"09 Data, IO & utilities",integrated
SAMCoreDelimitedFileTableMap,DelimitedFileTable.Map,DelimitedFileTable.Map,SAM,Core,SAM.Core.Grasshopper,Grasshopper/SAM.Core.Grasshopper/Component/SAMCoreDelimitedFileTableMap.cs,8d0f4abc-0b23-474a-a629-0c2de6c39c11,component,GH_Exposure.primary,False,SAM_GH_TableUpdate,table,update,False,,override,,table_update,SAM_GH_TableUpdate,svg/table_update.svg,"09 Data, IO & utilities",integrated
SAMCoreStringReplace,SAMCore.StringReplace,SAMCore.StringReplace,SAM,Core,SAM.Core.Grasshopper,Grasshopper/SAM.Core.Grasshopper/Component/SAMCoreStringReplace.cs,748c2704-6b65-4e19-b794-d579e6a88622,component,GH_Exposure.primary,False,SAM_GH_TextUpdate,text,update,False,,override,,text_update,SAM_GH_TextUpdate,svg/text_update.svg,"09 Data, IO & utilities",integrated
SAMCoreTextComparisonType,SAMCore.TextComparisonType,SAMCore.TextComparisonType,SAM,Core,SAM.Core.Grasshopper,Grasshopper/SAM.Core.Grasshopper/Component/SAMCoreTextComparisonType.cs,79fc1ff3-7d7b-4cfd-8e77-a7c64a46ad43,component,,False,SAM_GH_TextValue,text,value,False,,override,,text_value,SAM_GH_TextValue,svg/text_value.svg,"09 Data, IO & utilities",integrated
SAMCoreCreateTextMap,SAMCore.CreateTextMap,SAMCore.CreateTextMap,SAM,Core,SAM.Core.Grasshopper,Grasshopper/SAM.Core.Grasshopper/Component/SAMCoreCreateTextMap.cs,c8bb3801-2506-4ea0-b2d7-70ed918215da,component,GH_Exposure.primary,False,SAM_GH_TextMapCreate,textMap,create,False,,rule,,textMap_create,SAM_GH_TextMapCreate,svg/textMap_create.svg,"09 Data, IO & utilities",integrated
SAMAnalyticalGetInternalConditionTextMap,SAMAnalytical.GetInternalConditionTextMap,SAMAnalytical.GetInternalConditionTextMap,SAM,Analytical02,SAM.Analytical.Grasshopper,Grasshopper/SAM.Analytical.Grasshopper/Component/SAMAnalyticalGetInternalConditionTextMap.cs,67bbf43b-8113-49be-b3f1-a6d540d33fa5,component,,False,SAM_GH_TextMapGet,textMap,get,False,,override,,textMap_get,SAM_GH_TextMapGet,svg/textMap_get.svg,"09 Data, IO & utilities",integrated
SAMCoreTextMapValues,SAMCore.TextMapValues,SAMCore.TextMapValues,SAM,Core,SAM.Core.Grasshopper,Grasshopper/SAM.Core.Grasshopper/Component/SAMCoreTextMapValues.cs,99e6d07c-9c7a-4765-ae91-2b4c556e5874,component,GH_Exposure.primary,False,SAM_GH_TextMapGet,textMap,get,False,,override,,textMap_get,SAM_GH_TextMapGet,svg/textMap_get.svg,"09 Data, IO & utilities",integrated
SAMAnalyticalDataTree,SAMAnalytical.DataTree,SAMAnalytical.DataTree,SAM,Analytical01,SAM.Analytical.Grasshopper,Grasshopper/SAM.Analytical.Grasshopper/Component/SAMAnalyticalDataTree.cs,a804c620-ef00-47a2-a9cc-29f1df24d854,component,,False,SAM_GH_TreeConvert,tree,convert,False,,override,,tree_convert,SAM_GH_TreeConvert,svg/tree_convert.svg,"09 Data, IO & utilities",integrated
SAMCoreFilterByType,SAMCore.FilterByType,SAMCore.FilterByType,SAM,Core,SAM.Core.Grasshopper,Grasshopper/SAM.Core.Grasshopper/Component/SAMCoreFilterByType.cs,5a03ff4c-e38d-4fa9-b95c-1bb50ca853be,component,GH_Exposure.tertiary,False,SAM_GH_TypeFilter,type,filter,False,,override,,type_filter,SAM_GH_TypeFilter,svg/type_filter.svg,"09 Data, IO & utilities",integrated
SAMCoreGetType,SAMCore.GetType,SAMCore.GetType,SAM,Core,SAM.Core.Grasshopper,Grasshopper/SAM.Core.Grasshopper/Component/SAMCoreGetType.cs,d735ab9f-5b23-43d2-bd98-39bc540ac91e,component,,False,SAM_GH_TypeGet,type,get,False,,override,,type_get,SAM_GH_TypeGet,svg/type_get.svg,"09 Data, IO & utilities",integrated
SAMAnalyticalUpdateTypesByMap,SAMAnalytical.UpdateTypesByMap,SAMAnalytical.UpdateTypesByMap,SAM,Analytical04,SAM.Analytical.Grasshopper,Grasshopper/SAM.Analytical.Grasshopper/Component/SAMAnalyticalUpdateTypesByMap.cs,162806b5-8604-4899-8510-a8706fa98c96,component,,False,SAM_GH_TypeUpdate,type,update,False,,override,,type_update,SAM_GH_TypeUpdate,svg/type_update.svg,"09 Data, IO & utilities",integrated
SAMAnalyticalUpdateTypesByName,SAMAnalytical.UpdateTypesByName,SAMAnalytical.UpdateTypesByName,SAM,Analytical04,SAM.Analytical.Grasshopper,Grasshopper/SAM.Analytical.Grasshopper/Component/SAMAnalyticalUpdateTypesByName.cs,2599da0e-40c4-490e-b13d-37db83724923,component,,False,SAM_GH_TypeUpdate,type,update,False,,override,,type_update,SAM_GH_TypeUpdate,svg/type_update.svg,"09 Data, IO & utilities",integrated
SAMCoreFilter,GetValueFilter,GetValueFilter,SAM,Core,SAM.Core.Grasshopper,Grasshopper/SAM.Core.Grasshopper/Component/SAMCoreFilter.cs,215ed8be-b96c-4fc7-a806-36fddccbb735,component,,False,SAM_GH_ValueFilter,value,filter,False,,override,,value_filter,SAM_GH_ValueFilter,svg/value_filter.svg,"09 Data, IO & utilities",integrated
SAMCoreGetValue,GetValue,GetValue,SAM,Core,SAM.Core.Grasshopper,Grasshopper/SAM.Core.Grasshopper/Component/SAMCoreGetValue.cs,f111f564-06a8-48bb-8db2-6cf50d07a3f7,component,,False,SAM_GH_ValueGet,value,get,False,,override,,value_get,SAM_GH_ValueGet,svg/value_get.svg,"09 Data, IO & utilities",integrated
SAMAnalyticalGetValuesByReference,SAMAnalytical.GetValuesByReference,SAMAnalytical.GetValuesByReference,SAM,Analytical02,SAM.Analytical.Grasshopper,Grasshopper/SAM.Analytical.Grasshopper/Component/SAMAnalyticalGetValuesByReference.cs,8177e8a8-fb22-4f24-91f7-89378724b0b9,component,GH_Exposure.primary,False,SAM_GH_ValuePluralGet,value,get,True,,override,,value_plural_get,SAM_GH_ValuePluralGet,svg/value_plural_get.svg,"09 Data, IO & utilities",integrated
SAMCoreParameterByType,SAMCore.ParameterByType,SAMCore.ParameterByType,SAM,Core,SAM.Core.Grasshopper,Grasshopper/SAM.Core.Grasshopper/Component/SAMCoreParameterByType.cs,41116570-d334-4c9a-8924-84e48cdc465e,component,,False,SAM_GH_ValueGet,value,get,False,,override,,value_get,SAM_GH_ValueGet,svg/value_get.svg,"09 Data, IO & utilities",integrated
SAMCoreRemoveValue,RemoveValue,RemoveValue,SAM,Core,SAM.Core.Grasshopper,Grasshopper/SAM.Core.Grasshopper/Component/SAMCoreRemoveValue.cs,6cf90cef-6313-4618-904c-9ad063f687f7,component,,False,SAM_GH_ValueRemove,value,remove,False,,override,,value_remove,SAM_GH_ValueRemove,svg/value_remove.svg,"09 Data, IO & utilities",integrated
SAMCoreSetValue,SetValue,SetValue,SAM,Core,SAM.Core.Grasshopper,Grasshopper/SAM.Core.Grasshopper/Component/SAMCoreSetValue.cs,b6ac48b8-a0c1-48a5-9d72-4e16b6b0e123,component,,False,SAM_GH_ValueSet,value,set,False,,override,,value_set,SAM_GH_ValueSet,svg/value_set.svg,"09 Data, IO & utilities",integrated
SAMCoreSetValues,SetValues,SetValues,SAM,Core,SAM.Core.Grasshopper,Grasshopper/SAM.Core.Grasshopper/Component/SAMCoreSetValues.cs,60d76a9c-d307-47ab-88c4-59bc3d0222e5,component,GH_Exposure.primary,False,SAM_GH_ValuePluralSet,value,set,True,,override,,value_plural_set,SAM_GH_ValuePluralSet,svg/value_plural_set.svg,"09 Data, IO & utilities",integrated
SAMCoreParameterType,SAMCore.ParameterType,SAMCore.ParameterType,SAM,Core,SAM.Core.Grasshopper,Grasshopper/SAM.Core.Grasshopper/Component/SAMCoreParameterType.cs,96271426-fb5c-4bf5-9877-9ca5adda133a,component,,False,SAM_GH_ValueValue,value,value,False,,override,,value_value,SAM_GH_ValueValue,svg/value_value.svg,"09 Data, IO & utilities",integrated
GooAddressParam,{typeof(Address).Name},{typeof(Address).Name},Params,SAM,SAM.Core.Grasshopper,Grasshopper/SAM.Core.Grasshopper/Classes/GooAddress.cs,d1b4e94c-1ee7-4a8a-b481-d61468ae457b,param,GH_Exposure.hidden,False,SAM_GH_Address,address,,False,,param,,address,SAM_GH_Address,svg/address.svg,11 Parameters,integrated
GooAirHandlingUnitParam,{typeof(AirHandlingUnit).Name},{typeof(AirHandlingUnit).Name},Params,SAM,SAM.Analytical.Grasshopper,Grasshopper/SAM.Analytical.Grasshopper/Classes/GooAirHandlingUnit.cs,d1fc7f31-a0d6-4431-9f15-ba98668888eb,param,,False,SAM_GH_Ahu,ahu,,False,,param,,ahu,SAM_GH_Ahu,svg/ahu.svg,11 Parameters,integrated
GooAirMovementObjectParam,{typeof(AirHandlingUnit).Name},{typeof(AirHandlingUnit).Name},Params,SAM,SAM.Analytical.Grasshopper,Grasshopper/SAM.Analytical.Grasshopper/Classes/GooAirMovement.cs,d496ffea-3b3f-45b6-b63e-45392e2095fe,param,,False,SAM_GH_Ahu,ahu,,False,,param,,ahu,SAM_GH_Ahu,svg/ahu.svg,11 Parameters,integrated
GooApertureParam,{typeof(Aperture).Name},{typeof(Aperture).Name},Params,SAM,SAM.Analytical.Grasshopper,Grasshopper/SAM.Analytical.Grasshopper/Classes/GooAperture.cs,d5f56261-608b-4cec-baa4-ca2fb29ab5be,param,,False,SAM_GH_Aperture,aperture,,False,,param,,aperture,SAM_GH_Aperture,svg/aperture.svg,11 Parameters,integrated
GooOpeningParam,{typeof(IOpening).Name},{typeof(IOpening).Name},Params,SAM,SAM.Analytical.Grasshopper,Grasshopper/SAM.Analytical.Grasshopper/Classes/New/GooOpening.cs,7c7fd553-1861-44c9-a16d-5c76da18fc1e,param,GH_Exposure.hidden,True,SAM_GH_Aperture,aperture,,False,,param,,aperture,SAM_GH_Aperture,svg/aperture.svg,11 Parameters,integrated
GooApertureConstructionParam,{typeof(ApertureConstruction).Name},{typeof(ApertureConstruction).Name},Params,SAM,SAM.Analytical.Grasshopper,Grasshopper/SAM.Analytical.Grasshopper/Classes/GooApertureConstruction.cs,9b821163-e775-48d9-aee8-dc4d51c4186b,param,,False,SAM_GH_ApertureConstruction,apertureConstruction,,False,,param,,apertureConstruction,SAM_GH_ApertureConstruction,svg/apertureConstruction.svg,11 Parameters,integrated
GooApertureConstructionLibraryParam,{typeof(ApertureConstructionLibrary).Name},{typeof(ApertureConstructionLibrary).Name},Params,SAM,SAM.Analytical.Grasshopper,Grasshopper/SAM.Analytical.Grasshopper/Classes/GooApertureConstructionLibrary.cs,4a8077a2-7c38-4996-8fbf-9c508c746eea,param,,False,SAM_GH_ApertureConstructionLibrary,apertureConstruction,,False,library,param,,apertureConstruction_library,SAM_GH_ApertureConstructionLibrary,svg/apertureConstruction_library.svg,11 Parameters,integrated
GooOpeningTypeParam,{typeof(OpeningType).Name},{typeof(OpeningType).Name},Params,SAM,SAM.Analytical.Grasshopper,Grasshopper/SAM.Analytical.Grasshopper/Classes/New/GooOpeningType.cs,9f098df0-3f53-4b32-bf8f-0e974b86e44e,param,GH_Exposure.hidden,True,SAM_GH_ApertureConstruction,apertureConstruction,,False,,param,,apertureConstruction,SAM_GH_ApertureConstruction,svg/apertureConstruction.svg,11 Parameters,integrated
GooAdjacencyClusterParam,{typeof(AdjacencyCluster).Name},{typeof(AdjacencyCluster).Name},Params,SAM,SAM.Analytical.Grasshopper,Grasshopper/SAM.Analytical.Grasshopper/Classes/GooAdjacencyCluster.cs,408ca3f4-0598-4f18-8b25-1f9646c53ef0,param,,False,SAM_GH_Cluster,cluster,,False,,param,,cluster,SAM_GH_Cluster,svg/cluster.svg,11 Parameters,integrated
GooConstructionParam,{typeof(Construction).Name},{typeof(Construction).Name},Params,SAM,SAM.Analytical.Grasshopper,Grasshopper/SAM.Analytical.Grasshopper/Classes/GooConstruction.cs,3ea9345b-ddad-409d-9f9f-5103115123c0,param,,False,SAM_GH_Construction,construction,,False,,param,,construction,SAM_GH_Construction,svg/construction.svg,11 Parameters,integrated
GooConstructionLibraryParam,{typeof(ConstructionLibrary).Name},{typeof(ConstructionLibrary).Name},Params,SAM,SAM.Analytical.Grasshopper,Grasshopper/SAM.Analytical.Grasshopper/Classes/GooConstructionLibrary.cs,de88bd44-f2f8-48eb-a90d-459ea413dbab,param,,False,SAM_GH_ConstructionLibrary,construction,,False,library,param,,construction_library,SAM_GH_ConstructionLibrary,svg/construction_library.svg,11 Parameters,integrated
GooFloorTypeParam,{typeof(FloorType).Name},{typeof(FloorType).Name},Params,SAM,SAM.Analytical.Grasshopper,Grasshopper/SAM.Analytical.Grasshopper/Classes/New/GooFloorType.cs,3ace849b-b3f0-463e-88bb-3a1f60803507,param,GH_Exposure.hidden,True,SAM_GH_Construction,construction,,False,,param,,construction,SAM_GH_Construction,svg/construction.svg,11 Parameters,integrated
GooHostPartitionTypeParam,{typeof(HostPartitionType).Name},{typeof(HostPartitionType).Name},Params,SAM,SAM.Analytical.Grasshopper,Grasshopper/SAM.Analytical.Grasshopper/Classes/New/GooHostPartitionType.cs,d906080a-02e8-4a53-b394-ab9889a8b79f,param,GH_Exposure.hidden,True,SAM_GH_Construction,construction,,False,,param,,construction,SAM_GH_Construction,svg/construction.svg,11 Parameters,integrated
GooRoofTypeParam,{typeof(RoofType).Name},{typeof(RoofType).Name},Params,SAM,SAM.Analytical.Grasshopper,Grasshopper/SAM.Analytical.Grasshopper/Classes/New/GooRoofType.cs,4986fedf-7b51-4873-aef6-b6768412b9e9,param,GH_Exposure.hidden,True,SAM_GH_Construction,construction,,False,,param,,construction,SAM_GH_Construction,svg/construction.svg,11 Parameters,integrated
GooWallTypeParam,{typeof(WallType).Name},{typeof(WallType).Name},Params,SAM,SAM.Analytical.Grasshopper,Grasshopper/SAM.Analytical.Grasshopper/Classes/New/GooWallType.cs,eb9d3d8d-fd66-4128-a080-8c215f2eec15,param,GH_Exposure.hidden,True,SAM_GH_Construction,construction,,False,,param,,construction,SAM_GH_Construction,svg/construction.svg,11 Parameters,integrated
GooConstructionLayerParam,{typeof(ConstructionLayer).Name},{typeof(ConstructionLayer).Name},Params,SAM,SAM.Analytical.Grasshopper,Grasshopper/SAM.Analytical.Grasshopper/Classes/GooConstructionLayer.cs,8ebc44e2-3c71-401c-acd5-1f9903cb49ee,param,,False,SAM_GH_ConstructionLayer,constructionLayer,,False,,param,,constructionLayer,SAM_GH_ConstructionLayer,svg/constructionLayer.svg,11 Parameters,integrated
GooConstructionManagerParam,{typeof(ConstructionManager).Name},{typeof(ConstructionManager).Name},Params,SAM,SAM.Analytical.Grasshopper,Grasshopper/SAM.Analytical.Grasshopper/Classes/GooConstructionManager.cs,670d02cc-8a99-43e8-9ad8-b75c6a999f31,param,,False,SAM_GH_ConstructionManager,constructionManager,,False,,param,,constructionManager,SAM_GH_ConstructionManager,svg/constructionManager.svg,11 Parameters,integrated
GooDegreeOfActivityParam,{typeof(DegreeOfActivity).Name},{typeof(DegreeOfActivity).Name},Params,SAM,SAM.Analytical.Grasshopper,Grasshopper/SAM.Analytical.Grasshopper/Classes/GooDegreeOfActivity.cs,5c26218f-1470-49f7-b6f3-0e914459f9b1,param,GH_Exposure.hidden,False,SAM_GH_DegreeOfActivity,degreeOfActivity,,False,,param,,degreeOfActivity,SAM_GH_DegreeOfActivity,svg/degreeOfActivity.svg,11 Parameters,integrated
GooDegreeOfActivityLibraryParam,{typeof(DegreeOfActivityLibrary).Name},{typeof(DegreeOfActivityLibrary).Name},Params,SAM,SAM.Analytical.Grasshopper,Grasshopper/SAM.Analytical.Grasshopper/Classes/GooDegreeOfActivityLibrary.cs,d78c8b14-8706-427e-b6a7-31f0118dc158,param,GH_Exposure.hidden,False,SAM_GH_DegreeOfActivityLibrary,degreeOfActivity,,False,library,param,,degreeOfActivity_library,SAM_GH_DegreeOfActivityLibrary,svg/degreeOfActivity_library.svg,11 Parameters,integrated
GooDesignDayParam,{typeof(DesignDay).Name},{typeof(DesignDay).Name},Params,SAM,SAM.Analytical.Grasshopper,Grasshopper/SAM.Analytical.Grasshopper/Classes/GooDesignDay.cs,16fcd325-054c-4dd9-b668-4d8589562c34,param,,False,SAM_GH_DesignDay,designDay,,False,,param,,designDay,SAM_GH_DesignDay,svg/designDay.svg,11 Parameters,integrated
GooAnalyticalEquipmentParam,{typeof(IAnalyticalEquipment).Name},{typeof(IAnalyticalEquipment).Name},Params,SAM,SAM.Analytical.Grasshopper,Grasshopper/SAM.Analytical.Grasshopper/Classes/GooAnalyticalEquipment.cs,e795b603-ca16-4362-9052-5979474c2c92,param,,False,SAM_GH_Equipment,equipment,,False,,param,,equipment,SAM_GH_Equipment,svg/equipment.svg,11 Parameters,integrated
GooExternalSpaceParam,{typeof(ExternalSpace).Name},{typeof(ExternalSpace).Name},Params,SAM,SAM.Analytical.Grasshopper,Grasshopper/SAM.Analytical.Grasshopper/Classes/GooExternalSpace.cs,1d59b4f4-8930-48df-9adf-c39fa7d1db53,param,,False,SAM_GH_ExternalSpace,externalSpace,,False,,param,,externalSpace,SAM_GH_ExternalSpace,svg/externalSpace.svg,11 Parameters,integrated
GooPlanarBoundary3DParam,{typeof(PlanarBoundary3D).Name},{typeof(PlanarBoundary3D).Name},Params,SAM,SAM.Analytical.Grasshopper,Grasshopper/SAM.Analytical.Grasshopper/Classes/GooPlanarBoundary3D.cs,3b944b3c-bc94-46cc-aea3-b74385e138dc,param,GH_Exposure.hidden,False,SAM_GH_Face,face,,False,,param,,face,SAM_GH_Face,svg/face.svg,11 Parameters,integrated
GooSAMGeometryParam,{typeof(ISAMGeometry).Name},{typeof(ISAMGeometry).Name},Params,SAM,SAM.Geometry.Grasshopper,Grasshopper/SAM.Geometry.Grasshopper/Classes/GooSAMGeometry.cs,b4f8eee5-8d45-4c52-b966-1be5efa7c1e6,param,,False,SAM_GH_Geometry,geometry,,False,,param,,geometry,SAM_GH_Geometry,svg/geometry.svg,11 Parameters,integrated
GooGroupParam,Group,Group,Params,SAM,SAM.Core.Grasshopper,Grasshopper/SAM.Core.Grasshopper/Classes/GooGroup.cs,d32c05a1-cd76-4e62-bfbe-4e5a35848204,param,GH_Exposure.hidden,False,SAM_GH_Group,group,,False,,param,,group,SAM_GH_Group,svg/group.svg,11 Parameters,integrated
GooIndexedObjectsParam,IndexedObjects,IndexedObjects,Params,SAM,SAM.Core.Grasshopper,Grasshopper/SAM.Core.Grasshopper/Classes/GooIndexedObjects.cs,4914d45b-2dc2-457a-869e-ab267d4f3180,param,GH_Exposure.hidden,False,SAM_GH_Indexed,indexed,,False,,param,,indexed,SAM_GH_Indexed,svg/indexed.svg,11 Parameters,integrated
GooInternalConditionParam,{typeof(InternalCondition).Name},{typeof(InternalCondition).Name},Params,SAM,SAM.Analytical.Grasshopper,Grasshopper/SAM.Analytical.Grasshopper/Classes/GooInternalCondition.cs,f9c8a887-a59d-4c09-91f3-e656673db1ea,param,,False,SAM_GH_InternalCondition,internalCondition,,False,,param,,internalCondition,SAM_GH_InternalCondition,svg/internalCondition.svg,11 Parameters,integrated
GooInternalConditionLibraryParam,{typeof(InternalConditionLibrary).Name},{typeof(InternalConditionLibrary).Name},Params,SAM,SAM.Analytical.Grasshopper,Grasshopper/SAM.Analytical.Grasshopper/Classes/GooInternalConditionLibrary.cs,33c1494a-aece-4ac4-a413-a7cb79795579,param,,False,SAM_GH_InternalConditionLibrary,internalCondition,,False,library,param,,internalCondition_library,SAM_GH_InternalConditionLibrary,svg/internalCondition_library.svg,11 Parameters,integrated
GooLevelParam,{typeof(Level).Name},{typeof(Level).Name},Params,SAM,SAM.Architectural.Grasshopper,Grasshopper/SAM.Architectural.Grasshopper/Classes/GooLevel.cs,6604b8ee-9225-4568-8ce3-f4c60d521be9,param,,False,SAM_GH_Level,level,,False,,param,,level,SAM_GH_Level,svg/level.svg,11 Parameters,integrated
GooLocationParam,{typeof(Location).Name},{typeof(Location).Name},Params,SAM,SAM.Core.Grasshopper,Grasshopper/SAM.Core.Grasshopper/Classes/GooLocation.cs,ce7b8666-f1e6-4931-9e86-1b4da97a5056,param,,False,SAM_GH_Location,location,,False,,param,,location,SAM_GH_Location,svg/location.svg,11 Parameters,integrated
GooLogParam,{typeof(Log).Name},{typeof(Log).Name},Params,SAM,SAM.Core.Grasshopper,Grasshopper/SAM.Core.Grasshopper/Classes/GooLog.cs,02b69601-dc9d-4a3e-9950-aa6e19c1a033,param,GH_Exposure.hidden,False,SAM_GH_Log,log,,False,,param,,log,SAM_GH_Log,svg/log.svg,11 Parameters,integrated
GooMaterialParam,{typeof(Material).Name},{typeof(Material).Name},Params,SAM,SAM.Core.Grasshopper,Grasshopper/SAM.Core.Grasshopper/Classes/GooMaterial.cs,8810fd33-f1b7-402e-8c14-78e197a847a8,param,,False,SAM_GH_Material,material,,False,,param,,material,SAM_GH_Material,svg/material.svg,11 Parameters,integrated
GooMaterialLibraryParam,{typeof(MaterialLibrary).Name},{typeof(MaterialLibrary).Name},Params,SAM,SAM.Core.Grasshopper,Grasshopper/SAM.Core.Grasshopper/Classes/GooMaterialLibrary.cs,986d8a7b-4a1f-4f5d-a507-d45c535518a7,param,,False,SAM_GH_MaterialLibrary,material,,False,library,param,,material_library,SAM_GH_MaterialLibrary,svg/material_library.svg,11 Parameters,integrated
GooMaterialLayerParam,{typeof(MaterialLayer).Name},{typeof(MaterialLayer).Name},Params,SAM,SAM.Architectural.Grasshopper,Grasshopper/SAM.Architectural.Grasshopper/Classes/GooMaterialLayer.cs,cb6524ab-7111-454a-b6be-5e23007c794c,param,,False,SAM_GH_MaterialLayer,materialLayer,,False,,param,,materialLayer,SAM_GH_MaterialLayer,svg/materialLayer.svg,11 Parameters,integrated
GooMatrixParam,{typeof(Matrix).Name},{typeof(Matrix).Name},Params,SAM,SAM.Math.Grasshopper,Grasshopper/SAM.Math.Grasshopper/Classes/GooMatrix.cs,79fbe851-272a-4c4e-8d0a-6033eed12102,param,GH_Exposure.hidden,False,SAM_GH_Matrix,matrix,,False,,param,,matrix,SAM_GH_Matrix,svg/matrix.svg,11 Parameters,integrated
GooAnalyticalModelParam,{typeof(AnalyticalModel).Name},{typeof(AnalyticalModel).Name},Params,SAM,SAM.Analytical.Grasshopper,Grasshopper/SAM.Analytical.Grasshopper/Classes/GooAnalyticalModel.cs,01466a73-e3f3-495d-b794-bd322c9edfa0,param,,False,SAM_GH_Model,model,,False,,param,,model,SAM_GH_Model,svg/model.svg,11 Parameters,integrated
GooBuildingModelParam,{typeof(BuildingModel).Name},{typeof(BuildingModel).Name},Params,SAM,SAM.Analytical.Grasshopper,Grasshopper/SAM.Analytical.Grasshopper/Classes/New/GooArchitecturalModel.cs,f11a6c34-3376-4a5d-8c6c-1d5331a7c96a,param,GH_Exposure.hidden,True,SAM_GH_Model,model,,False,,param,,model,SAM_GH_Model,svg/model.svg,11 Parameters,integrated
GooObjectParam,Object,Object,Params,SAM,SAM.Core.Grasshopper,Grasshopper/SAM.Core.Grasshopper/Classes/GooObject.cs,a7a5eb79-1834-43db-9aa3-30ca105c3bbb,param,GH_Exposure.hidden,False,SAM_GH_Object,object,,False,,param,,object,SAM_GH_Object,svg/object.svg,11 Parameters,integrated
GooAnalyticalObjectParam,{typeof(IAnalyticalObject).Name},{typeof(IAnalyticalObject).Name},Params,SAM,SAM.Analytical.Grasshopper,Grasshopper/SAM.Analytical.Grasshopper/Classes/GooAnalyticalObject.cs,e06eb117-d4ad-4f3d-9541-b8d121a13a7d,param,GH_Exposure.hidden,False,SAM_GH_Object,object,,False,,param,,object,SAM_GH_Object,svg/object.svg,11 Parameters,integrated
GooSAMObjectParam,{typeof(SAMObject).Name},{typeof(SAMObject).Name},Params,SAM,SAM.Core.Grasshopper,Grasshopper/SAM.Core.Grasshopper/Classes/GooSAMObject.cs,c2fae9f4-b98a-4cff-be89-e58795cef92d,param,,False,SAM_GH_Object,object,,False,,param,,object,SAM_GH_Object,svg/object.svg,11 Parameters,integrated
GooJSAMObjectParam,{typeof(T).Name},{typeof(T).Name},Params,SAM,SAM.Core.Grasshopper,Grasshopper/SAM.Core.Grasshopper/Classes/GooJSAMObject.cs,5af7e0dc-8d0c-4d51-8c85-6f2795c2fc37,param,,False,SAM_GH_Object,object,,False,,param,,object,SAM_GH_Object,svg/object.svg,11 Parameters,integrated
GooOpeningPropertiesParam,{typeof(OpeningProperties).Name},{typeof(OpeningProperties).Name},Params,SAM,SAM.Analytical.Grasshopper,Grasshopper/SAM.Analytical.Grasshopper/Classes/GooOpeningProperties.cs,0e4a7307-0039-4414-bc56-1c7e3253cf0b,param,GH_Exposure.hidden,False,SAM_GH_OpeningProperties,openingProperties,,False,,param,,openingProperties,SAM_GH_OpeningProperties,svg/openingProperties.svg,11 Parameters,integrated
GooPartitionParam,{typeof(IPartition).Name},{typeof(IPartition).Name},Params,SAM,SAM.Analytical.Grasshopper,Grasshopper/SAM.Analytical.Grasshopper/Classes/New/GooPartition.cs,0091b0f4-8009-4388-8914-a3fe680ef12d,param,GH_Exposure.hidden,True,SAM_GH_Panel,panel,,False,,param,,panel,SAM_GH_Panel,svg/panel.svg,11 Parameters,integrated
GooPanelParam,{typeof(Panel).Name},{typeof(Panel).Name},Params,SAM,SAM.Analytical.Grasshopper,Grasshopper/SAM.Analytical.Grasshopper/Classes/GooPanel.cs,278b438c-43ea-4423-999f-b6a906870939,param,,False,SAM_GH_Panel,panel,,False,,param,,panel,SAM_GH_Panel,svg/panel.svg,11 Parameters,integrated
GooProfileParam,{typeof(Profile).Name},{typeof(Profile).Name},Params,SAM,SAM.Analytical.Grasshopper,Grasshopper/SAM.Analytical.Grasshopper/Classes/GooProfile.cs,247b6aaf-3b88-4b35-87b4-c418f09a4257,param,,False,SAM_GH_Profile,profile,,False,,param,,profile,SAM_GH_Profile,svg/profile.svg,11 Parameters,integrated
GooProfileLibraryParam,{typeof(ProfileLibrary).Name},{typeof(ProfileLibrary).Name},Params,SAM,SAM.Analytical.Grasshopper,Grasshopper/SAM.Analytical.Grasshopper/Classes/GooProfileLibrary.cs,3aeebe85-3f0c-4483-ad5c-750120490d63,param,,False,SAM_GH_ProfileLibrary,profile,,False,library,param,,profile_library,SAM_GH_ProfileLibrary,svg/profile_library.svg,11 Parameters,integrated
GooRelationClusterParam,{typeof(IRelationCluster).Name},{typeof(IRelationCluster).Name},Params,SAM,SAM.Core.Grasshopper,Grasshopper/SAM.Core.Grasshopper/Classes/GooRelationCluster.cs,8cc38f9b-506d-4b2a-8f80-c1119fac105a,param,GH_Exposure.hidden,False,SAM_GH_Relation,relation,,False,,param,,relation,SAM_GH_Relation,svg/relation.svg,11 Parameters,integrated
GooResultParam,Result,Result,Params,SAM,SAM.Core.Grasshopper,Grasshopper/SAM.Core.Grasshopper/Classes/GooResult.cs,284b34bb-9057-4276-ad5a-591337dd2441,param,,False,SAM_GH_Result,result,,False,,param,,result,SAM_GH_Result,svg/result.svg,11 Parameters,integrated
GooSectionParam,{typeof(ISection).Name},{typeof(ISection).Name},Params,SAM,SAM.Analytical.Grasshopper,Grasshopper/SAM.Analytical.Grasshopper/Classes/GooSection.cs,1cab3cfe-169c-4bd9-a494-79cf670fd3e2,param,GH_Exposure.hidden,False,SAM_GH_SectionBox,sectionBox,,False,,param,,sectionBox,SAM_GH_SectionBox,svg/sectionBox.svg,11 Parameters,integrated
GooMergeSettingsParam,{typeof(MergeSettings).Name},{typeof(MergeSettings).Name},Params,SAM,SAM.Analytical.Grasshopper,Grasshopper/SAM.Analytical.Grasshopper/Classes/GooMergeSettings.cs,afad3e4c-1e8d-4c08-92d9-cc7b484cba22,param,,False,SAM_GH_Settings,settings,,False,,param,,settings,SAM_GH_Settings,svg/settings.svg,11 Parameters,integrated
GooTypeMergeSettingsParam,{typeof(TypeMergeSettings).Name},{typeof(TypeMergeSettings).Name},Params,SAM,SAM.Analytical.Grasshopper,Grasshopper/SAM.Analytical.Grasshopper/Classes/GooTypeMergeSettings.cs,b9937ca2-b756-45e5-b891-5dd277b0d29e,param,,False,SAM_GH_Settings,settings,,False,,param,,settings,SAM_GH_Settings,svg/settings.svg,11 Parameters,integrated
GooFeatureShadeParam,{typeof(FeatureShade).Name},{typeof(FeatureShade).Name},Params,SAM,SAM.Analytical.Grasshopper,Grasshopper/SAM.Analytical.Grasshopper/Classes/GooFeatureShade.cs,b2a2c960-278e-4db2-8c2e-fa883881f03a,param,,False,SAM_GH_Shade,shade,,False,,param,,shade,SAM_GH_Shade,svg/shade.svg,11 Parameters,integrated
GooSpaceParam,{typeof(Space).Name},{typeof(Space).Name},Params,SAM,SAM.Analytical.Grasshopper,Grasshopper/SAM.Analytical.Grasshopper/Classes/GooSpace.cs,bbb45545-17b3-49be-b177-db284b2087f3,param,,False,SAM_GH_Space,space,,False,,param,,space,SAM_GH_Space,svg/space.svg,11 Parameters,integrated
GooSystemParam,System,System,Params,SAM,SAM.Core.Grasshopper,Grasshopper/SAM.Core.Grasshopper/Classes/GooSystem.cs,dc71d798-1059-4a71-a892-891d62cb7fda,param,,False,SAM_GH_System,system,,False,,param,,system,SAM_GH_System,svg/system.svg,11 Parameters,integrated
GooSystemTypeParam,SystemType,SystemType,Params,SAM,SAM.Core.Grasshopper,Grasshopper/SAM.Core.Grasshopper/Classes/GooSystemType.cs,427cbc29-819f-44cc-b4a9-b9b3bfefd81e,param,GH_Exposure.hidden,False,SAM_GH_System,system,,False,,param,,system,SAM_GH_System,svg/system.svg,11 Parameters,integrated
GooSystemTypeLibraryParam,{typeof(SystemTypeLibrary).Name},{typeof(SystemTypeLibrary).Name},Params,SAM,SAM.Core.Grasshopper,Grasshopper/SAM.Core.Grasshopper/Classes/GooSystemTypeLibrary.cs,4835eafb-5626-4d53-8e45-d2cc43c01b6c,param,GH_Exposure.hidden,False,SAM_GH_SystemLibrary,system,,False,library,param,,system_library,SAM_GH_SystemLibrary,svg/system_library.svg,11 Parameters,integrated
GooTableModifierParam,TableModifier,TableModifier,Params,SAM,SAM.Core.Grasshopper,Grasshopper/SAM.Core.Grasshopper/Classes/GooTableModifier.cs,45f4b546-cb45-4d83-9a11-76a357adc564,param,GH_Exposure.hidden,False,SAM_GH_Table,table,,False,,param,,table,SAM_GH_Table,svg/table.svg,11 Parameters,integrated
GooDelimitedFileTableParam,{typeof(DelimitedFileTable).Name},{typeof(DelimitedFileTable).Name},Params,SAM,SAM.Core.Grasshopper,Grasshopper/SAM.Core.Grasshopper/Classes/GooDelimitedFileTable.cs,abcaf868-db1b-4407-92f3-f8bca25a5e79,param,GH_Exposure.hidden,False,SAM_GH_Table,table,,False,,param,,table,SAM_GH_Table,svg/table.svg,11 Parameters,integrated
GooText3DParam,{typeof(global::Rhino.Display.Text3d).Name},{typeof(global::Rhino.Display.Text3d).Name},Params,SAM,SAM.Analytical.Grasshopper,Grasshopper/SAM.Analytical.Grasshopper/Classes/GooText3D.cs,d986bbd2-fc9b-42b5-85b8-3bf5d7edc899,param,GH_Exposure.hidden,False,SAM_GH_Text,text,,False,,param,,text,SAM_GH_Text,svg/text.svg,11 Parameters,integrated
GooTextMapParam,{typeof(TextMap).Name},{typeof(TextMap).Name},Params,SAM,SAM.Core.Grasshopper,Grasshopper/SAM.Core.Grasshopper/Classes/GooTextMap.cs,47eebb1f-0747-45bb-9afd-eadd9038c9ef,param,,False,SAM_GH_TextMap,textMap,,False,,param,,textMap,SAM_GH_TextMap,svg/textMap.svg,11 Parameters,integrated
GooTransform3DParam,{typeof(Transform3D).Name},{typeof(Transform3D).Name},Params,SAM,SAM.Geometry.Grasshopper,Grasshopper/SAM.Geometry.Grasshopper/Classes/GooTransform3D.cs,e76a159f-0872-4364-b9a5-13b84166f98b,param,GH_Exposure.hidden,False,SAM_GH_Transform3D,transform3D,,False,,param,,transform3D,SAM_GH_Transform3D,svg/transform3D.svg,11 Parameters,integrated
GooWeatherObjectParam,{typeof(IWeatherObject).Name},{typeof(IWeatherObject).Name},Params,SAM,SAM.Weather.Grasshopper,Grasshopper/SAM.Weather.Grasshopper/Classes/GooWeatherObject.cs,b96713e0-5cde-4774-a061-0f3490d3d0a5,param,GH_Exposure.hidden,False,SAM_GH_Weather,weather,,False,,param,,weather,SAM_GH_Weather,svg/weather.svg,11 Parameters,integrated
GooWeatherDataParam,{typeof(WeatherData).Name},{typeof(WeatherData).Name},Params,SAM,SAM.Weather.Grasshopper,Grasshopper/SAM.Weather.Grasshopper/Classes/GooWeatherData.cs,3de17bc3-6f46-4b97-ad5a-ce311ac9c02f,param,,False,SAM_GH_WeatherData,weatherData,,False,,param,,weatherData,SAM_GH_WeatherData,svg/weatherData.svg,11 Parameters,integrated
GooWeatherYearParam,{typeof(WeatherYear).Name},{typeof(WeatherYear).Name},Params,SAM,SAM.Weather.Grasshopper,Grasshopper/SAM.Weather.Grasshopper/Classes/GooWeatherYear.cs,3778cda9-ca09-4d52-b9fb-ed23780dc0e4,param,,False,SAM_GH_WeatherYear,weatherYear,,False,,param,,weatherYear,SAM_GH_WeatherYear,svg/weatherYear.svg,11 Parameters,integrated
